CREATE TABLE regiones (
	reg_id SERIAL NOT NULL,
	reg_numero_region INT NOT NULL,
	reg_nombre varchar(100) NOT NULL,
	PRIMARY KEY(reg_id));

CREATE TABLE provincias (
	pro_id SERIAL NOT NULL,
	reg_id INT NOT NULL,
	pro_nombre varchar(100) NOT NULL,
	PRIMARY KEY(pro_id));

CREATE TABLE comunas (
	com_id INT SERIAL NOT NULL,
	pro_id INT NOT NULL,
	com_nombre VARCHAR(100) NOT NULL,
	com_conara_sii INT NULL,
	com_cod_tesoreria INT NULL,
	PRIMARY KEY(com_id));

ALTER TABLE provincias
ADD CONSTRAINT fk_provincia_region
FOREIGN KEY (reg_id) REFERENCES regiones(reg_id); 

ALTER TABLE comunas
ADD CONSTRAINT fk_comuna_provincia
FOREIGN KEY (pro_id) REFERENCES provincias(pro_id); 

INSERT INTO regiones (reg_id, reg_numero_region, reg_nombre) VALUES(1, 1, 'Región de Tarapacá');
INSERT INTO regiones (reg_id, reg_numero_region, reg_nombre) VALUES(2, 2, 'Región de Antofagasta');
INSERT INTO regiones (reg_id, reg_numero_region, reg_nombre) VALUES(3, 3, 'Región de Atacama');
INSERT INTO regiones (reg_id, reg_numero_region, reg_nombre) VALUES(4, 4, 'Región de Coquimbo');
INSERT INTO regiones (reg_id, reg_numero_region, reg_nombre) VALUES(5, 5, 'Región de Valparaíso');
INSERT INTO regiones (reg_id, reg_numero_region, reg_nombre) VALUES(6, 6, 'Región de Ohiggins');
INSERT INTO regiones (reg_id, reg_numero_region, reg_nombre) VALUES(7, 7, 'Región del Maule');
INSERT INTO regiones (reg_id, reg_numero_region, reg_nombre) VALUES(8, 8, 'Región del Bío-Bío');
INSERT INTO regiones (reg_id, reg_numero_region, reg_nombre) VALUES(9, 9, 'Región de La Araucanía');
INSERT INTO regiones (reg_id, reg_numero_region, reg_nombre) VALUES(10, 10, 'Región de Los Lagos');
INSERT INTO regiones (reg_id, reg_numero_region, reg_nombre) VALUES(11, 11, 'Región de Aysén');
INSERT INTO regiones (reg_id, reg_numero_region, reg_nombre) VALUES(12, 12, 'Región de Magallanes');
INSERT INTO regiones (reg_id, reg_numero_region, reg_nombre) VALUES(13, 13, 'Región Metropolitana');
INSERT INTO regiones (reg_id, reg_numero_region, reg_nombre) VALUES(14, 14, 'Región de Los Ríos');
INSERT INTO regiones (reg_id, reg_numero_region, reg_nombre) VALUES(15, 15, 'Región de Arica y Parinacota');
INSERT INTO regiones (reg_id, reg_numero_region, reg_nombre) VALUES(16, 16, 'Región de Ñuble');

INSERT INTO provincias (pro_id, reg_id, pro_nombre) VALUES (1, 1, 'Iquique');
INSERT INTO provincias (pro_id, reg_id, pro_nombre) VALUES (2, 1, 'Tamarugal');
INSERT INTO provincias (pro_id, reg_id, pro_nombre) VALUES (3, 2, 'Antofagasta');
INSERT INTO provincias (pro_id, reg_id, pro_nombre) VALUES (4, 2, 'El Loa');
INSERT INTO provincias (pro_id, reg_id, pro_nombre) VALUES (5, 2, 'Tocopilla');
INSERT INTO provincias (pro_id, reg_id, pro_nombre) VALUES (6, 3, 'Copiapo');
INSERT INTO provincias (pro_id, reg_id, pro_nombre) VALUES (7, 3, 'Chañaral');
INSERT INTO provincias (pro_id, reg_id, pro_nombre) VALUES (8, 3, 'Huasco');
INSERT INTO provincias (pro_id, reg_id, pro_nombre) VALUES (9, 4, 'Elqui');
INSERT INTO provincias (pro_id, reg_id, pro_nombre) VALUES (10, 4, 'Choapa');
INSERT INTO provincias (pro_id, reg_id, pro_nombre) VALUES (11, 4, 'Limari');
INSERT INTO provincias (pro_id, reg_id, pro_nombre) VALUES (12, 5, 'Valparaíso');
INSERT INTO provincias (pro_id, reg_id, pro_nombre) VALUES (13, 5, 'Isla de Pascua');
INSERT INTO provincias (pro_id, reg_id, pro_nombre) VALUES (14, 5, 'Los Andes');
INSERT INTO provincias (pro_id, reg_id, pro_nombre) VALUES (15, 5, 'Petorca');
INSERT INTO provincias (pro_id, reg_id, pro_nombre) VALUES (16, 5, 'Quillota');
INSERT INTO provincias (pro_id, reg_id, pro_nombre) VALUES (17, 5, 'San Antonio');
INSERT INTO provincias (pro_id, reg_id, pro_nombre) VALUES (18, 5, 'San Felipe de Aconcagua');
INSERT INTO provincias (pro_id, reg_id, pro_nombre) VALUES (19, 5, 'Marga Marga');
INSERT INTO provincias (pro_id, reg_id, pro_nombre) VALUES (20, 6, 'Cachapoal');
INSERT INTO provincias (pro_id, reg_id, pro_nombre) VALUES (21, 6, 'Cardenal Caro');
INSERT INTO provincias (pro_id, reg_id, pro_nombre) VALUES (22, 6, 'Colchagua');
INSERT INTO provincias (pro_id, reg_id, pro_nombre) VALUES (23, 7, 'Talca');
INSERT INTO provincias (pro_id, reg_id, pro_nombre) VALUES (24, 7, 'Cauquenes');
INSERT INTO provincias (pro_id, reg_id, pro_nombre) VALUES (25, 7, 'Curicó');
INSERT INTO provincias (pro_id, reg_id, pro_nombre) VALUES (26, 7, 'Linares');
INSERT INTO provincias (pro_id, reg_id, pro_nombre) VALUES (27, 8, 'Concepción');
INSERT INTO provincias (pro_id, reg_id, pro_nombre) VALUES (28, 8, 'Arauco');
INSERT INTO provincias (pro_id, reg_id, pro_nombre) VALUES (29, 8, 'Bío Bío');
INSERT INTO provincias (pro_id, reg_id, pro_nombre) VALUES (30, 9, 'Cautín');
INSERT INTO provincias (pro_id, reg_id, pro_nombre) VALUES (31, 9, 'Malleco');
INSERT INTO provincias (pro_id, reg_id, pro_nombre) VALUES (32, 10, 'Llanquihue');
INSERT INTO provincias (pro_id, reg_id, pro_nombre) VALUES (33, 10, 'Chiloé');
INSERT INTO provincias (pro_id, reg_id, pro_nombre) VALUES (34, 10, 'Osorno');
INSERT INTO provincias (pro_id, reg_id, pro_nombre) VALUES (35, 10, 'Palena');
INSERT INTO provincias (pro_id, reg_id, pro_nombre) VALUES (36, 11, 'Coihaique');
INSERT INTO provincias (pro_id, reg_id, pro_nombre) VALUES (37, 11, 'Aisén');
INSERT INTO provincias (pro_id, reg_id, pro_nombre) VALUES (38, 11, 'Capitán Prat');
INSERT INTO provincias (pro_id, reg_id, pro_nombre) VALUES (39, 11, 'General Carrera');
INSERT INTO provincias (pro_id, reg_id, pro_nombre) VALUES (40, 12, 'Magallanes');
INSERT INTO provincias (pro_id, reg_id, pro_nombre) VALUES (41, 12, 'Antártica Chilena');
INSERT INTO provincias (pro_id, reg_id, pro_nombre) VALUES (42, 12, 'Tierra del Fuego');
INSERT INTO provincias (pro_id, reg_id, pro_nombre) VALUES (43, 12, 'Última Esperanza');
INSERT INTO provincias (pro_id, reg_id, pro_nombre) VALUES (44, 13, 'Santiago');
INSERT INTO provincias (pro_id, reg_id, pro_nombre) VALUES (45, 13, 'Cordillera');
INSERT INTO provincias (pro_id, reg_id, pro_nombre) VALUES (46, 13, 'Chacabuco');
INSERT INTO provincias (pro_id, reg_id, pro_nombre) VALUES (47, 13, 'Maipo');
INSERT INTO provincias (pro_id, reg_id, pro_nombre) VALUES (48, 13, 'Melipilla');
INSERT INTO provincias (pro_id, reg_id, pro_nombre) VALUES (49, 13, 'Talagante');
INSERT INTO provincias (pro_id, reg_id, pro_nombre) VALUES (50, 14, 'Valdivia');
INSERT INTO provincias (pro_id, reg_id, pro_nombre) VALUES (51, 14, 'Ranco');
INSERT INTO provincias (pro_id, reg_id, pro_nombre) VALUES (52, 15, 'Parinacota');
INSERT INTO provincias (pro_id, reg_id, pro_nombre) VALUES (53, 15, 'Arica');
INSERT INTO provincias (pro_id, reg_id, pro_nombre) VALUES (54, 16, 'Diguillín');
INSERT INTO provincias (pro_id, reg_id, pro_nombre) VALUES (55, 16, 'Itata');
INSERT INTO provincias (pro_id, reg_id, pro_nombre) VALUES (56, 16, 'Punilla');

INSERT INTO comunas (com_id, pro_id, com_nombre, com_conara_sii, com_cod_tesoreria) values (1, 1, 'Iquique', 1201, 2);
INSERT INTO comunas (com_id, pro_id, com_nombre, com_conara_sii, com_cod_tesoreria) values (2, 1, 'Alto Hospicio', 1211, 347);
INSERT INTO comunas (com_id, pro_id, com_nombre, com_conara_sii, com_cod_tesoreria) values (3, 2, 'Pozo Almonte', 12302, 317);
INSERT INTO comunas (com_id, pro_id, com_nombre, com_conara_sii, com_cod_tesoreria) values (4, 2, 'Camiña', 1208, 296);
INSERT INTO comunas (com_id, pro_id, com_nombre, com_conara_sii, com_cod_tesoreria) values (5, 2, 'Colchane', 1210, 297);
INSERT INTO comunas (com_id, pro_id, com_nombre, com_conara_sii, com_cod_tesoreria) values (6, 2, 'Huara', 1206, 3);
INSERT INTO comunas (com_id, pro_id, com_nombre, com_conara_sii, com_cod_tesoreria) values (7, 2, 'Pica', 6111, 118);
INSERT INTO comunas (com_id, pro_id, com_nombre, com_conara_sii, com_cod_tesoreria) values (8, 3, 'Antofagasta', 2201, 7);
INSERT INTO comunas (com_id, pro_id, com_nombre, com_conara_sii, com_cod_tesoreria) values (9, 3, 'Sierra Gorda', 2206, 299);
INSERT INTO comunas (com_id, pro_id, com_nombre, com_conara_sii, com_cod_tesoreria) values (10, 3, 'Mejillones', 2203, 8);
INSERT INTO comunas (com_id, pro_id, com_nombre, com_conara_sii, com_cod_tesoreria) values (11, 3, 'Taltal', 2202, 9);
INSERT INTO comunas (com_id, pro_id, com_nombre, com_conara_sii, com_cod_tesoreria) values (12, 4, 'Calama', 2301, 10);
INSERT INTO comunas (com_id, pro_id, com_nombre, com_conara_sii, com_cod_tesoreria) values (13, 4, 'Ollagüe', 5507, 54);
INSERT INTO comunas (com_id, pro_id, com_nombre, com_conara_sii, com_cod_tesoreria) values (14, 4, 'San Pedro de Atacama', 2303, 301);
INSERT INTO comunas (com_id, pro_id, com_nombre, com_conara_sii, com_cod_tesoreria) values (15, 5, 'Tocopilla', 2101, 6);
INSERT INTO comunas (com_id, pro_id, com_nombre, com_conara_sii, com_cod_tesoreria) values (16, 5, 'Maria Elena', 2103, 298);
INSERT INTO comunas (com_id, pro_id, com_nombre, com_conara_sii, com_cod_tesoreria) values (17, 6, 'Copiapo', 3201, 13);
INSERT INTO comunas (com_id, pro_id, com_nombre, com_conara_sii, com_cod_tesoreria) values (18, 6, 'Caldera', 3202, 14);
INSERT INTO comunas (com_id, pro_id, com_nombre, com_conara_sii, com_cod_tesoreria) values (19, 6, 'Tierra Amarilla', 3203, 15);
INSERT INTO comunas (com_id, pro_id, com_nombre, com_conara_sii, com_cod_tesoreria) values (20, 7, 'Chañaral', 3101, 11);
INSERT INTO comunas (com_id, pro_id, com_nombre, com_conara_sii, com_cod_tesoreria) values (21, 7, 'Diego de Almagro', 3102, 12);
INSERT INTO comunas (com_id, pro_id, com_nombre, com_conara_sii, com_cod_tesoreria) values (22, 8, 'Vallenar', 3301, 16);
INSERT INTO comunas (com_id, pro_id, com_nombre, com_conara_sii, com_cod_tesoreria) values (23, 8, 'Alto del Carmen', 3304, 302);
INSERT INTO comunas (com_id, pro_id, com_nombre, com_conara_sii, com_cod_tesoreria) values (24, 8, 'Freirina', 3302, 17);
INSERT INTO comunas (com_id, pro_id, com_nombre, com_conara_sii, com_cod_tesoreria) values (25, 8, 'Huasco', 3303, 18);
INSERT INTO comunas (com_id, pro_id, com_nombre, com_conara_sii, com_cod_tesoreria) values (26, 9, 'La Serena', 4101, 19);
INSERT INTO comunas (com_id, pro_id, com_nombre, com_conara_sii, com_cod_tesoreria) values (27, 9, 'Coquimbo', 4103, 21);
INSERT INTO comunas (com_id, pro_id, com_nombre, com_conara_sii, com_cod_tesoreria) values (28, 9, 'Andacollo', 4104, 22);
INSERT INTO comunas (com_id, pro_id, com_nombre, com_conara_sii, com_cod_tesoreria) values (29, 9, 'La Higuera', 4102, 20);
INSERT INTO comunas (com_id, pro_id, com_nombre, com_conara_sii, com_cod_tesoreria) values (30, 9, 'Paigüano', 10110, 252);
INSERT INTO comunas (com_id, pro_id, com_nombre, com_conara_sii, com_cod_tesoreria) values (31, 9, 'Vicuña', 4105, 23);
INSERT INTO comunas (com_id, pro_id, com_nombre, com_conara_sii, com_cod_tesoreria) values (32, 10, 'Illapel', 4301, 30);
INSERT INTO comunas (com_id, pro_id, com_nombre, com_conara_sii, com_cod_tesoreria) values (33, 10, 'Canela', 4304, 31);
INSERT INTO comunas (com_id, pro_id, com_nombre, com_conara_sii, com_cod_tesoreria) values (34, 10, 'Los Vilos', 4303, 33);
INSERT INTO comunas (com_id, pro_id, com_nombre, com_conara_sii, com_cod_tesoreria) values (35, 10, 'Salamanca', 5401, 42);
INSERT INTO comunas (com_id, pro_id, com_nombre, com_conara_sii, com_cod_tesoreria) values (36, 11, 'Ovalle', 14505, 339);
INSERT INTO comunas (com_id, pro_id, com_nombre, com_conara_sii, com_cod_tesoreria) values (37, 11, 'Combarbala', 4205, 29);
INSERT INTO comunas (com_id, pro_id, com_nombre, com_conara_sii, com_cod_tesoreria) values (38, 11, 'Monte Patria', 4203, 26);
INSERT INTO comunas (com_id, pro_id, com_nombre, com_conara_sii, com_cod_tesoreria) values (39, 11, 'Punitaqui', 12205, 290);
INSERT INTO comunas (com_id, pro_id, com_nombre, com_conara_sii, com_cod_tesoreria) values (40, 11, 'Río Hurtado', 11203, 288);
INSERT INTO comunas (com_id, pro_id, com_nombre, com_conara_sii, com_cod_tesoreria) values (41, 12, 'Valparaíso', 5301, 34);
INSERT INTO comunas (com_id, pro_id, com_nombre, com_conara_sii, com_cod_tesoreria) values (42, 12, 'Casablanca', 5305, 40);
INSERT INTO comunas (com_id, pro_id, com_nombre, com_conara_sii, com_cod_tesoreria) values (43, 12, 'Concón', 5309, 340);
INSERT INTO comunas (com_id, pro_id, com_nombre, com_conara_sii, com_cod_tesoreria) values (44, 12, 'Juan Fernández', 5308, 321);
INSERT INTO comunas (com_id, pro_id, com_nombre, com_conara_sii, com_cod_tesoreria) values (45, 12, 'Puchuncaví', 9216, 242);
INSERT INTO comunas (com_id, pro_id, com_nombre, com_conara_sii, com_cod_tesoreria) values (46, 12, 'Quintero', 8104, 172);
INSERT INTO comunas (com_id, pro_id, com_nombre, com_conara_sii, com_cod_tesoreria) values (47, 12, 'Viña del Mar', 5302, 37);
INSERT INTO comunas (com_id, pro_id, com_nombre, com_conara_sii, com_cod_tesoreria) values (48, 13, 'Isla de Pascua', 5101, 41);
INSERT INTO comunas (com_id, pro_id, com_nombre, com_conara_sii, com_cod_tesoreria) values (49, 14, 'Los Andes', 5701, 66);
INSERT INTO comunas (com_id, pro_id, com_nombre, com_conara_sii, com_cod_tesoreria) values (50, 14, 'Rinconada', 10111, 253);
INSERT INTO comunas (com_id, pro_id, com_nombre, com_conara_sii, com_cod_tesoreria) values (51, 14, 'Calle Larga', 5702, 67);
INSERT INTO comunas (com_id, pro_id, com_nombre, com_conara_sii, com_cod_tesoreria) values (52, 14, 'San Esteban', 8111, 178);
INSERT INTO comunas (com_id, pro_id, com_nombre, com_conara_sii, com_cod_tesoreria) values (53, 15, 'La Ligua', 5201, 59);
INSERT INTO comunas (com_id, pro_id, com_nombre, com_conara_sii, com_cod_tesoreria) values (54, 15, 'Cabildo', 5203, 56);
INSERT INTO comunas (com_id, pro_id, com_nombre, com_conara_sii, com_cod_tesoreria) values (55, 15, 'Papudo', 6306, 133);
INSERT INTO comunas (com_id, pro_id, com_nombre, com_conara_sii, com_cod_tesoreria) values (56, 15, 'Petorca', 6108, 115);
INSERT INTO comunas (com_id, pro_id, com_nombre, com_conara_sii, com_cod_tesoreria) values (57, 15, 'Zapallar', 5204, 58);
INSERT INTO comunas (com_id, pro_id, com_nombre, com_conara_sii, com_cod_tesoreria) values (58, 16, 'Quillota', 5304, 38);
INSERT INTO comunas (com_id, pro_id, com_nombre, com_conara_sii, com_cod_tesoreria) values (59, 16, 'La Calera', 5504, 50);
INSERT INTO comunas (com_id, pro_id, com_nombre, com_conara_sii, com_cod_tesoreria) values (60, 16, 'Hijuelas', 5503, 51);
INSERT INTO comunas (com_id, pro_id, com_nombre, com_conara_sii, com_cod_tesoreria) values (61, 16, 'La Cruz', 5505, 49);
INSERT INTO comunas (com_id, pro_id, com_nombre, com_conara_sii, com_cod_tesoreria) values (62, 16, 'Nogales', 9208, 234);
INSERT INTO comunas (com_id, pro_id, com_nombre, com_conara_sii, com_cod_tesoreria) values (63, 17, 'San Antonio', 16401, 98);
INSERT INTO comunas (com_id, pro_id, com_nombre, com_conara_sii, com_cod_tesoreria) values (64, 17, 'Algarrobo', 5406, 44);
INSERT INTO comunas (com_id, pro_id, com_nombre, com_conara_sii, com_cod_tesoreria) values (65, 17, 'Cartagena', 5403, 46);
INSERT INTO comunas (com_id, pro_id, com_nombre, com_conara_sii, com_cod_tesoreria) values (66, 17, 'El Quisco', 5405, 45);
INSERT INTO comunas (com_id, pro_id, com_nombre, com_conara_sii, com_cod_tesoreria) values (67, 17, 'El Tabo', 5404, 47);
INSERT INTO comunas (com_id, pro_id, com_nombre, com_conara_sii, com_cod_tesoreria) values (68, 17, 'Santo Domingo', 5402, 43);
INSERT INTO comunas (com_id, pro_id, com_nombre, com_conara_sii, com_cod_tesoreria) values (69, 18, 'San Felipe', 6201, 124);
INSERT INTO comunas (com_id, pro_id, com_nombre, com_conara_sii, com_cod_tesoreria) values (70, 18, 'Catemu', 5603, 63);
INSERT INTO comunas (com_id, pro_id, com_nombre, com_conara_sii, com_cod_tesoreria) values (71, 18, 'Llaillay', 10306, 267);
INSERT INTO comunas (com_id, pro_id, com_nombre, com_conara_sii, com_cod_tesoreria) values (72, 18, 'Panquehue', 5205, 57);
INSERT INTO comunas (com_id, pro_id, com_nombre, com_conara_sii, com_cod_tesoreria) values (73, 18, 'Putaendo', 1301, 294);
INSERT INTO comunas (com_id, pro_id, com_nombre, com_conara_sii, com_cod_tesoreria) values (74, 18, 'Santa María', 5605, 64);
INSERT INTO comunas (com_id, pro_id, com_nombre, com_conara_sii, com_cod_tesoreria) values (75, 19, 'Quilpué', 10415, 275);
INSERT INTO comunas (com_id, pro_id, com_nombre, com_conara_sii, com_cod_tesoreria) values (76, 19, 'Limache', 5506, 53);
INSERT INTO comunas (com_id, pro_id, com_nombre, com_conara_sii, com_cod_tesoreria) values (77, 19, 'Olmué', 10201, 255);
INSERT INTO comunas (com_id, pro_id, com_nombre, com_conara_sii, com_cod_tesoreria) values (78, 19, 'Villa Alemana', 5303, 39);
INSERT INTO comunas (com_id, pro_id, com_nombre, com_conara_sii, com_cod_tesoreria) values (79, 20, 'Rancagua', 8119, 187);
INSERT INTO comunas (com_id, pro_id, com_nombre, com_conara_sii, com_cod_tesoreria) values (80, 20, 'Codegua', 6107, 110);
INSERT INTO comunas (com_id, pro_id, com_nombre, com_conara_sii, com_cod_tesoreria) values (81, 20, 'Coinco', 6116, 114);
INSERT INTO comunas (com_id, pro_id, com_nombre, com_conara_sii, com_cod_tesoreria) values (82, 20, 'Coltauco', 6106, 113);
INSERT INTO comunas (com_id, pro_id, com_nombre, com_conara_sii, com_cod_tesoreria) values (83, 20, 'Doñihue', 6105, 112);
INSERT INTO comunas (com_id, pro_id, com_nombre, com_conara_sii, com_cod_tesoreria) values (84, 20, 'Graneros', 6103, 107);
INSERT INTO comunas (com_id, pro_id, com_nombre, com_conara_sii, com_cod_tesoreria) values (85, 20, 'Las Cabras', 6109, 116);
INSERT INTO comunas (com_id, pro_id, com_nombre, com_conara_sii, com_cod_tesoreria) values (86, 20, 'Machalí', 6102, 106);
INSERT INTO comunas (com_id, pro_id, com_nombre, com_conara_sii, com_cod_tesoreria) values (87, 20, 'Malloa', 6115, 122);
INSERT INTO comunas (com_id, pro_id, com_nombre, com_conara_sii, com_cod_tesoreria) values (88, 20, 'Mostazal', 8407, 214);
INSERT INTO comunas (com_id, pro_id, com_nombre, com_conara_sii, com_cod_tesoreria) values (89, 20, 'Olivar', 2302, 300);
INSERT INTO comunas (com_id, pro_id, com_nombre, com_conara_sii, com_cod_tesoreria) values (90, 20, 'Peumo', 1203, 4);
INSERT INTO comunas (com_id, pro_id, com_nombre, com_conara_sii, com_cod_tesoreria) values (91, 20, 'Pichidegua', 6301, 137);
INSERT INTO comunas (com_id, pro_id, com_nombre, com_conara_sii, com_cod_tesoreria) values (92, 20, 'Quinta de Tilcoco', 14107, 81);
INSERT INTO comunas (com_id, pro_id, com_nombre, com_conara_sii, com_cod_tesoreria) values (93, 20, 'Rengo', 6113, 119);
INSERT INTO comunas (com_id, pro_id, com_nombre, com_conara_sii, com_cod_tesoreria) values (94, 20, 'Requínoa', 7306, 165);
INSERT INTO comunas (com_id, pro_id, com_nombre, com_conara_sii, com_cod_tesoreria) values (95, 20, 'San Vicente', 6110, 117);
INSERT INTO comunas (com_id, pro_id, com_nombre, com_conara_sii, com_cod_tesoreria) values (96, 21, 'Pichilemu', 8102, 169);
INSERT INTO comunas (com_id, pro_id, com_nombre, com_conara_sii, com_cod_tesoreria) values (97, 21, 'La Estrella', 6304, 139);
INSERT INTO comunas (com_id, pro_id, com_nombre, com_conara_sii, com_cod_tesoreria) values (98, 21, 'Litueche', 6303, 136);
INSERT INTO comunas (com_id, pro_id, com_nombre, com_conara_sii, com_cod_tesoreria) values (99, 21, 'Marchihue', 6305, 134);
INSERT INTO comunas (com_id, pro_id, com_nombre, com_conara_sii, com_cod_tesoreria) values (100, 21, 'Navidad', 8406, 213);
INSERT INTO comunas (com_id, pro_id, com_nombre, com_conara_sii, com_cod_tesoreria) values (101, 21, 'Paredones', 7305, 164);
INSERT INTO comunas (com_id, pro_id, com_nombre, com_conara_sii, com_cod_tesoreria) values (102, 22, 'San Fernando', 6104, 111);
INSERT INTO comunas (com_id, pro_id, com_nombre, com_conara_sii, com_cod_tesoreria) values (103, 22, 'Chépica', 6209, 132);
INSERT INTO comunas (com_id, pro_id, com_nombre, com_conara_sii, com_cod_tesoreria) values (104, 22, 'Chimbarongo', 6202, 125);
INSERT INTO comunas (com_id, pro_id, com_nombre, com_conara_sii, com_cod_tesoreria) values (105, 22, 'Lolol', 6206, 129);
INSERT INTO comunas (com_id, pro_id, com_nombre, com_conara_sii, com_cod_tesoreria) values (106, 22, 'Nancagua', 12101, 291);
INSERT INTO comunas (com_id, pro_id, com_nombre, com_conara_sii, com_cod_tesoreria) values (107, 22, 'Palmilla', 10108, 250);
INSERT INTO comunas (com_id, pro_id, com_nombre, com_conara_sii, com_cod_tesoreria) values (108, 22, 'Peralillo', 9206, 233);
INSERT INTO comunas (com_id, pro_id, com_nombre, com_conara_sii, com_cod_tesoreria) values (109, 22, 'Placilla', 8106, 171);
INSERT INTO comunas (com_id, pro_id, com_nombre, com_conara_sii, com_cod_tesoreria) values (110, 22, 'Pumanque', 4204, 27);
INSERT INTO comunas (com_id, pro_id, com_nombre, com_conara_sii, com_cod_tesoreria) values (111, 22, 'Santa Cruz', 6205, 128);
INSERT INTO comunas (com_id, pro_id, com_nombre, com_conara_sii, com_cod_tesoreria) values (112, 23, 'Talca', 7201, 150);
INSERT INTO comunas (com_id, pro_id, com_nombre, com_conara_sii, com_cod_tesoreria) values (113, 23, 'Constitución', 7208, 157);
INSERT INTO comunas (com_id, pro_id, com_nombre, com_conara_sii, com_cod_tesoreria) values (114, 23, 'Curepto', 7207, 155);
INSERT INTO comunas (com_id, pro_id, com_nombre, com_conara_sii, com_cod_tesoreria) values (115, 23, 'Empedrado', 7209, 158);
INSERT INTO comunas (com_id, pro_id, com_nombre, com_conara_sii, com_cod_tesoreria) values (116, 23, 'Maule', 7206, 154);
INSERT INTO comunas (com_id, pro_id, com_nombre, com_conara_sii, com_cod_tesoreria) values (117, 23, 'Pelarco', 7402, 320);
INSERT INTO comunas (com_id, pro_id, com_nombre, com_conara_sii, com_cod_tesoreria) values (118, 23, 'Pencahue', 8202, 191);
INSERT INTO comunas (com_id, pro_id, com_nombre, com_conara_sii, com_cod_tesoreria) values (119, 23, 'Río Claro', 4206, 28);
INSERT INTO comunas (com_id, pro_id, com_nombre, com_conara_sii, com_cod_tesoreria) values (120, 23, 'San Clemente', 5703, 69);
INSERT INTO comunas (com_id, pro_id, com_nombre, com_conara_sii, com_cod_tesoreria) values (121, 23, 'San Rafael', 7210, 341);
INSERT INTO comunas (com_id, pro_id, com_nombre, com_conara_sii, com_cod_tesoreria) values (122, 24, 'Cauquenes', 7401, 166);
INSERT INTO comunas (com_id, pro_id, com_nombre, com_conara_sii, com_cod_tesoreria) values (123, 24, 'Chanco', 7403, 167);
INSERT INTO comunas (com_id, pro_id, com_nombre, com_conara_sii, com_cod_tesoreria) values (124, 24, 'Pellehue', 8117, 184);
INSERT INTO comunas (com_id, pro_id, com_nombre, com_conara_sii, com_cod_tesoreria) values (125, 25, 'Curicó', 7101, 140);
INSERT INTO comunas (com_id, pro_id, com_nombre, com_conara_sii, com_cod_tesoreria) values (126, 25, 'Hualañé', 7107, 144);
INSERT INTO comunas (com_id, pro_id, com_nombre, com_conara_sii, com_cod_tesoreria) values (127, 25, 'Licantén', 7105, 145);
INSERT INTO comunas (com_id, pro_id, com_nombre, com_conara_sii, com_cod_tesoreria) values (128, 25, 'Molina', 7108, 147);
INSERT INTO comunas (com_id, pro_id, com_nombre, com_conara_sii, com_cod_tesoreria) values (129, 25, 'Rauco', 13159, 329);
INSERT INTO comunas (com_id, pro_id, com_nombre, com_conara_sii, com_cod_tesoreria) values (130, 25, 'Romeral', 9210, 236);
INSERT INTO comunas (com_id, pro_id, com_nombre, com_conara_sii, com_cod_tesoreria) values (131, 25, 'Sagrada Familia', 4302, 32);
INSERT INTO comunas (com_id, pro_id, com_nombre, com_conara_sii, com_cod_tesoreria) values (132, 25, 'Teno', 7102, 142);
INSERT INTO comunas (com_id, pro_id, com_nombre, com_conara_sii, com_cod_tesoreria) values (133, 25, 'Vichuquen', 7106, 146);
INSERT INTO comunas (com_id, pro_id, com_nombre, com_conara_sii, com_cod_tesoreria) values (134, 26, 'Linares', 7301, 159);
INSERT INTO comunas (com_id, pro_id, com_nombre, com_conara_sii, com_cod_tesoreria) values (135, 26, 'Colbún', 7303, 161);
INSERT INTO comunas (com_id, pro_id, com_nombre, com_conara_sii, com_cod_tesoreria) values (136, 26, 'Longaví', 7304, 162);
INSERT INTO comunas (com_id, pro_id, com_nombre, com_conara_sii, com_cod_tesoreria) values (137, 26, 'Parral', 16162, 336);
INSERT INTO comunas (com_id, pro_id, com_nombre, com_conara_sii, com_cod_tesoreria) values (138, 26, 'Retiro', 5704, 68);
INSERT INTO comunas (com_id, pro_id, com_nombre, com_conara_sii, com_cod_tesoreria) values (139, 26, 'San Javier', 7310, 156);
INSERT INTO comunas (com_id, pro_id, com_nombre, com_conara_sii, com_cod_tesoreria) values (140, 26, 'Villa Alegre', 7309, 163);
INSERT INTO comunas (com_id, pro_id, com_nombre, com_conara_sii, com_cod_tesoreria) values (141, 26, 'Yerbas Buenas', 7302, 160);
INSERT INTO comunas (com_id, pro_id, com_nombre, com_conara_sii, com_cod_tesoreria) values (142, 27, 'Concepción', 8201, 188);
INSERT INTO comunas (com_id, pro_id, com_nombre, com_conara_sii, com_cod_tesoreria) values (143, 27, 'Coronel', 8207, 194);
INSERT INTO comunas (com_id, pro_id, com_nombre, com_conara_sii, com_cod_tesoreria) values (144, 27, 'Chiguayante', 8211, 344);
INSERT INTO comunas (com_id, pro_id, com_nombre, com_conara_sii, com_cod_tesoreria) values (145, 27, 'Florida', 8204, 193);
INSERT INTO comunas (com_id, pro_id, com_nombre, com_conara_sii, com_cod_tesoreria) values (146, 27, 'Hualqui', 8203, 192);
INSERT INTO comunas (com_id, pro_id, com_nombre, com_conara_sii, com_cod_tesoreria) values (147, 27, 'Lota', 8208, 195);
INSERT INTO comunas (com_id, pro_id, com_nombre, com_conara_sii, com_cod_tesoreria) values (148, 27, 'Penco', 14504, 85);
INSERT INTO comunas (com_id, pro_id, com_nombre, com_conara_sii, com_cod_tesoreria) values (149, 27, 'San Pedro de La Paz', 8210, 343);
INSERT INTO comunas (com_id, pro_id, com_nombre, com_conara_sii, com_cod_tesoreria) values (150, 27, 'Santa Juana', 8209, 196);
INSERT INTO comunas (com_id, pro_id, com_nombre, com_conara_sii, com_cod_tesoreria) values (151, 27, 'Talcahuano', 8206, 189);
INSERT INTO comunas (com_id, pro_id, com_nombre, com_conara_sii, com_cod_tesoreria) values (152, 27, 'Tomé', 8205, 190);
INSERT INTO comunas (com_id, pro_id, com_nombre, com_conara_sii, com_cod_tesoreria) values (153, 27, 'Hualpén', 8212, 346);
INSERT INTO comunas (com_id, pro_id, com_nombre, com_conara_sii, com_cod_tesoreria) values (154, 28, 'Lebu', 8303, 199);
INSERT INTO comunas (com_id, pro_id, com_nombre, com_conara_sii, com_cod_tesoreria) values (155, 28, 'Arauco', 8301, 198);
INSERT INTO comunas (com_id, pro_id, com_nombre, com_conara_sii, com_cod_tesoreria) values (156, 28, 'Cañete', 8305, 201);
INSERT INTO comunas (com_id, pro_id, com_nombre, com_conara_sii, com_cod_tesoreria) values (157, 28, 'Contulmo', 8306, 202);
INSERT INTO comunas (com_id, pro_id, com_nombre, com_conara_sii, com_cod_tesoreria) values (158, 28, 'Curanilahue', 8302, 197);
INSERT INTO comunas (com_id, pro_id, com_nombre, com_conara_sii, com_cod_tesoreria) values (159, 28, 'Los Alamos', 8304, 200);
INSERT INTO comunas (com_id, pro_id, com_nombre, com_conara_sii, com_cod_tesoreria) values (160, 28, 'Tirúa', 8307, 203);
INSERT INTO comunas (com_id, pro_id, com_nombre, com_conara_sii, com_cod_tesoreria) values (161, 29, 'Los Ángeles', 8401, 204);
INSERT INTO comunas (com_id, pro_id, com_nombre, com_conara_sii, com_cod_tesoreria) values (162, 29, 'Antuco', 8413, 303);
INSERT INTO comunas (com_id, pro_id, com_nombre, com_conara_sii, com_cod_tesoreria) values (163, 29, 'Cabrero', 8410, 208);
INSERT INTO comunas (com_id, pro_id, com_nombre, com_conara_sii, com_cod_tesoreria) values (164, 29, 'Laja', 8403, 210);
INSERT INTO comunas (com_id, pro_id, com_nombre, com_conara_sii, com_cod_tesoreria) values (165, 29, 'Mulchén', 8405, 212);
INSERT INTO comunas (com_id, pro_id, com_nombre, com_conara_sii, com_cod_tesoreria) values (166, 29, 'Nacimiento', 6203, 126);
INSERT INTO comunas (com_id, pro_id, com_nombre, com_conara_sii, com_cod_tesoreria) values (167, 29, 'Negrete', 8105, 174);
INSERT INTO comunas (com_id, pro_id, com_nombre, com_conara_sii, com_cod_tesoreria) values (168, 29, 'Quilaco', 14114, 79);
INSERT INTO comunas (com_id, pro_id, com_nombre, com_conara_sii, com_cod_tesoreria) values (169, 29, 'Quilleco', 8115, 182);
INSERT INTO comunas (com_id, pro_id, com_nombre, com_conara_sii, com_cod_tesoreria) values (170, 29, 'San Rosendo', 8411, 211);
INSERT INTO comunas (com_id, pro_id, com_nombre, com_conara_sii, com_cod_tesoreria) values (171, 29, 'Santa Bárbara', 8402, 205);
INSERT INTO comunas (com_id, pro_id, com_nombre, com_conara_sii, com_cod_tesoreria) values (172, 29, 'Tucapel', 8412, 209);
INSERT INTO comunas (com_id, pro_id, com_nombre, com_conara_sii, com_cod_tesoreria) values (173, 29, 'Yumbel', 8409, 207);
INSERT INTO comunas (com_id, pro_id, com_nombre, com_conara_sii, com_cod_tesoreria) values (174, 29, 'Alto Bio Bio', 8414, 349);
INSERT INTO comunas (com_id, pro_id, com_nombre, com_conara_sii, com_cod_tesoreria) values (175, 30, 'Temuco', 9201, 227);
INSERT INTO comunas (com_id, pro_id, com_nombre, com_conara_sii, com_cod_tesoreria) values (176, 30, 'Carahue', 9209, 235);
INSERT INTO comunas (com_id, pro_id, com_nombre, com_conara_sii, com_cod_tesoreria) values (177, 30, 'Cunco', 9204, 230);
INSERT INTO comunas (com_id, pro_id, com_nombre, com_conara_sii, com_cod_tesoreria) values (178, 30, 'Curarrehue', 9218, 305);
INSERT INTO comunas (com_id, pro_id, com_nombre, com_conara_sii, com_cod_tesoreria) values (179, 30, 'Freire', 9203, 229);
INSERT INTO comunas (com_id, pro_id, com_nombre, com_conara_sii, com_cod_tesoreria) values (180, 30, 'Galvarino', 9207, 232);
INSERT INTO comunas (com_id, pro_id, com_nombre, com_conara_sii, com_cod_tesoreria) values (181, 30, 'Gorbea', 9212, 238);
INSERT INTO comunas (com_id, pro_id, com_nombre, com_conara_sii, com_cod_tesoreria) values (182, 30, 'Lautaro', 9205, 231);
INSERT INTO comunas (com_id, pro_id, com_nombre, com_conara_sii, com_cod_tesoreria) values (183, 30, 'Loncoche', 9214, 240);
INSERT INTO comunas (com_id, pro_id, com_nombre, com_conara_sii, com_cod_tesoreria) values (184, 30, 'Nueva Imperial', 8110, 177);
INSERT INTO comunas (com_id, pro_id, com_nombre, com_conara_sii, com_cod_tesoreria) values (185, 30, 'Melipeuco', 9217, 304);
INSERT INTO comunas (com_id, pro_id, com_nombre, com_conara_sii, com_cod_tesoreria) values (186, 30, 'Padre Las Casas', 4106, 24);
INSERT INTO comunas (com_id, pro_id, com_nombre, com_conara_sii, com_cod_tesoreria) values (187, 30, 'Perquenco', 5202, 55);
INSERT INTO comunas (com_id, pro_id, com_nombre, com_conara_sii, com_cod_tesoreria) values (188, 30, 'Pitrufquén', 6204, 127);
INSERT INTO comunas (com_id, pro_id, com_nombre, com_conara_sii, com_cod_tesoreria) values (189, 30, 'Pucón', 14111, 82);
INSERT INTO comunas (com_id, pro_id, com_nombre, com_conara_sii, com_cod_tesoreria) values (190, 30, 'Saavedra', 7109, 148);
INSERT INTO comunas (com_id, pro_id, com_nombre, com_conara_sii, com_cod_tesoreria) values (191, 30, 'Teodoro Schmidt', 9219, 306);
INSERT INTO comunas (com_id, pro_id, com_nombre, com_conara_sii, com_cod_tesoreria) values (192, 30, 'Toltén', 9213, 239);
INSERT INTO comunas (com_id, pro_id, com_nombre, com_conara_sii, com_cod_tesoreria) values (193, 30, 'Vilcún', 9202, 228);
INSERT INTO comunas (com_id, pro_id, com_nombre, com_conara_sii, com_cod_tesoreria) values (194, 30, 'Villarrica', 9215, 241);
INSERT INTO comunas (com_id, pro_id, com_nombre, com_conara_sii, com_cod_tesoreria) values (195, 30, 'Chol Chol', 9221, 348);
INSERT INTO comunas (com_id, pro_id, com_nombre, com_conara_sii, com_cod_tesoreria) values (196, 31, 'Angol', 9101, 216);
INSERT INTO comunas (com_id, pro_id, com_nombre, com_conara_sii, com_cod_tesoreria) values (197, 31, 'Collipulli', 9105, 220);
INSERT INTO comunas (com_id, pro_id, com_nombre, com_conara_sii, com_cod_tesoreria) values (198, 31, 'Curacautín', 9110, 225);
INSERT INTO comunas (com_id, pro_id, com_nombre, com_conara_sii, com_cod_tesoreria) values (199, 31, 'Ercilla', 9106, 221);
INSERT INTO comunas (com_id, pro_id, com_nombre, com_conara_sii, com_cod_tesoreria) values (200, 31, 'Lonquimay', 9111, 226);
INSERT INTO comunas (com_id, pro_id, com_nombre, com_conara_sii, com_cod_tesoreria) values (201, 31, 'Los Sauces', 9103, 218);
INSERT INTO comunas (com_id, pro_id, com_nombre, com_conara_sii, com_cod_tesoreria) values (202, 31, 'Lumaco', 9108, 223);
INSERT INTO comunas (com_id, pro_id, com_nombre, com_conara_sii, com_cod_tesoreria) values (203, 31, 'Purén', 10206, 260);
INSERT INTO comunas (com_id, pro_id, com_nombre, com_conara_sii, com_cod_tesoreria) values (204, 31, 'Renaico', 14113, 77);
INSERT INTO comunas (com_id, pro_id, com_nombre, com_conara_sii, com_cod_tesoreria) values (205, 31, 'Traiguén', 9107, 222);
INSERT INTO comunas (com_id, pro_id, com_nombre, com_conara_sii, com_cod_tesoreria) values (206, 31, 'Victoria', 9109, 224);
INSERT INTO comunas (com_id, pro_id, com_nombre, com_conara_sii, com_cod_tesoreria) values (207, 32, 'Puerto Montt', 10203, 258);
INSERT INTO comunas (com_id, pro_id, com_nombre, com_conara_sii, com_cod_tesoreria) values (208, 32, 'Calbuco', 10309, 265);
INSERT INTO comunas (com_id, pro_id, com_nombre, com_conara_sii, com_cod_tesoreria) values (209, 32, 'Cochamó', 10302, 262);
INSERT INTO comunas (com_id, pro_id, com_nombre, com_conara_sii, com_cod_tesoreria) values (210, 32, 'Fresia', 10304, 268);
INSERT INTO comunas (com_id, pro_id, com_nombre, com_conara_sii, com_cod_tesoreria) values (211, 32, 'Frutillar', 10305, 269);
INSERT INTO comunas (com_id, pro_id, com_nombre, com_conara_sii, com_cod_tesoreria) values (212, 32, 'Los Muermos', 10308, 264);
INSERT INTO comunas (com_id, pro_id, com_nombre, com_conara_sii, com_cod_tesoreria) values (213, 32, 'Llanquihue', 5606, 65);
INSERT INTO comunas (com_id, pro_id, com_nombre, com_conara_sii, com_cod_tesoreria) values (214, 32, 'Maullín', 10307, 263);
INSERT INTO comunas (com_id, pro_id, com_nombre, com_conara_sii, com_cod_tesoreria) values (215, 32, 'Puerto Varas', 6214, 135);
INSERT INTO comunas (com_id, pro_id, com_nombre, com_conara_sii, com_cod_tesoreria) values (216, 33, 'Castro', 10401, 270);
INSERT INTO comunas (com_id, pro_id, com_nombre, com_conara_sii, com_cod_tesoreria) values (217, 33, 'Ancud', 10406, 277);
INSERT INTO comunas (com_id, pro_id, com_nombre, com_conara_sii, com_cod_tesoreria) values (218, 33, 'Chonchi', 10402, 271);
INSERT INTO comunas (com_id, pro_id, com_nombre, com_conara_sii, com_cod_tesoreria) values (219, 33, 'Curaco de Vélez', 10410, 276);
INSERT INTO comunas (com_id, pro_id, com_nombre, com_conara_sii, com_cod_tesoreria) values (220, 33, 'Dalcahue', 10408, 279);
INSERT INTO comunas (com_id, pro_id, com_nombre, com_conara_sii, com_cod_tesoreria) values (221, 33, 'Puqueldón', 9102, 217);
INSERT INTO comunas (com_id, pro_id, com_nombre, com_conara_sii, com_cod_tesoreria) values (222, 33, 'Queilén', 10404, 273);
INSERT INTO comunas (com_id, pro_id, com_nombre, com_conara_sii, com_cod_tesoreria) values (223, 33, 'Quellón', 10407, 278);
INSERT INTO comunas (com_id, pro_id, com_nombre, com_conara_sii, com_cod_tesoreria) values (224, 33, 'Quemchi', 8408, 215);
INSERT INTO comunas (com_id, pro_id, com_nombre, com_conara_sii, com_cod_tesoreria) values (225, 33, 'Quinchao', 6117, 123);
INSERT INTO comunas (com_id, pro_id, com_nombre, com_conara_sii, com_cod_tesoreria) values (226, 34, 'Osorno', 4201, 25);
INSERT INTO comunas (com_id, pro_id, com_nombre, com_conara_sii, com_cod_tesoreria) values (227, 34, 'Puerto Octay', 10303, 266);
INSERT INTO comunas (com_id, pro_id, com_nombre, com_conara_sii, com_cod_tesoreria) values (228, 34, 'Purranque', 5604, 61);
INSERT INTO comunas (com_id, pro_id, com_nombre, com_conara_sii, com_cod_tesoreria) values (229, 34, 'Puyehue', 10403, 272);
INSERT INTO comunas (com_id, pro_id, com_nombre, com_conara_sii, com_cod_tesoreria) values (230, 34, 'Río Negro', 12202, 314);
INSERT INTO comunas (com_id, pro_id, com_nombre, com_conara_sii, com_cod_tesoreria) values (231, 34, 'San Juan de La Costa', 10207, 307);
INSERT INTO comunas (com_id, pro_id, com_nombre, com_conara_sii, com_cod_tesoreria) values (232, 34, 'San Pablo', 10202, 257);
INSERT INTO comunas (com_id, pro_id, com_nombre, com_conara_sii, com_cod_tesoreria) values (233, 35, 'Chaitén', 10501, 280);
INSERT INTO comunas (com_id, pro_id, com_nombre, com_conara_sii, com_cod_tesoreria) values (234, 35, 'Futaleufú', 10503, 281);
INSERT INTO comunas (com_id, pro_id, com_nombre, com_conara_sii, com_cod_tesoreria) values (235, 35, 'Hualaihué', 10502, 308);
INSERT INTO comunas (com_id, pro_id, com_nombre, com_conara_sii, com_cod_tesoreria) values (236, 35, 'Palena', 6207, 130);
INSERT INTO comunas (com_id, pro_id, com_nombre, com_conara_sii, com_cod_tesoreria) values (237, 36, 'Coyhaique', 11401, 284);
INSERT INTO comunas (com_id, pro_id, com_nombre, com_conara_sii, com_cod_tesoreria) values (238, 36, 'Lago Verde', 11402, 312);
INSERT INTO comunas (com_id, pro_id, com_nombre, com_conara_sii, com_cod_tesoreria) values (239, 37, 'Aysén', 11101, 285);
INSERT INTO comunas (com_id, pro_id, com_nombre, com_conara_sii, com_cod_tesoreria) values (240, 37, 'Cisnes', 11102, 286);
INSERT INTO comunas (com_id, pro_id, com_nombre, com_conara_sii, com_cod_tesoreria) values (241, 37, 'Guaitecas', 11104, 309);
INSERT INTO comunas (com_id, pro_id, com_nombre, com_conara_sii, com_cod_tesoreria) values (242, 38, 'Cochrane', 11301, 289);
INSERT INTO comunas (com_id, pro_id, com_nombre, com_conara_sii, com_cod_tesoreria) values (243, 38, 'Ohiggins', 6114, 120);
INSERT INTO comunas (com_id, pro_id, com_nombre, com_conara_sii, com_cod_tesoreria) values (244, 38, 'Tortel', 11303, 311);
INSERT INTO comunas (com_id, pro_id, com_nombre, com_conara_sii, com_cod_tesoreria) values (245, 39, 'Chile Chico', 11201, 287);
INSERT INTO comunas (com_id, pro_id, com_nombre, com_conara_sii, com_cod_tesoreria) values (246, 39, 'Río Ibañez', 10205, 259);
INSERT INTO comunas (com_id, pro_id, com_nombre, com_conara_sii, com_cod_tesoreria) values (247, 40, 'Punta Arenas', 10405, 274);
INSERT INTO comunas (com_id, pro_id, com_nombre, com_conara_sii, com_cod_tesoreria) values (248, 40, 'Laguna Blanca', 12206, 316);
INSERT INTO comunas (com_id, pro_id, com_nombre, com_conara_sii, com_cod_tesoreria) values (249, 40, 'Río Verde', 7103, 141);
INSERT INTO comunas (com_id, pro_id, com_nombre, com_conara_sii, com_cod_tesoreria) values (250, 40, 'San Gregorio', 12204, 315);
INSERT INTO comunas (com_id, pro_id, com_nombre, com_conara_sii, com_cod_tesoreria) values (251, 41, 'Cabo de Hornos', 12401, 319);
INSERT INTO comunas (com_id, pro_id, com_nombre, com_conara_sii, com_cod_tesoreria) values (252, 41, 'Antártica', null, null);
INSERT INTO comunas (com_id, pro_id, com_nombre, com_conara_sii, com_cod_tesoreria) values (253, 42, 'Porvenir', 1204, 5);
INSERT INTO comunas (com_id, pro_id, com_nombre, com_conara_sii, com_cod_tesoreria) values (254, 42, 'Primavera', 15103, 72);
INSERT INTO comunas (com_id, pro_id, com_nombre, com_conara_sii, com_cod_tesoreria) values (255, 42, 'Timaukel', 12304, 318);
INSERT INTO comunas (com_id, pro_id, com_nombre, com_conara_sii, com_cod_tesoreria) values (256, 43, 'Natales', 6302, 138);
INSERT INTO comunas (com_id, pro_id, com_nombre, com_conara_sii, com_cod_tesoreria) values (257, 43, 'Torres de Paine', 12103, 313);
INSERT INTO comunas (com_id, pro_id, com_nombre, com_conara_sii, com_cod_tesoreria) values (258, 44, 'Santiago', 13101, 70);
INSERT INTO comunas (com_id, pro_id, com_nombre, com_conara_sii, com_cod_tesoreria) values (259, 44, 'Cerrillos', 14166, 333);
INSERT INTO comunas (com_id, pro_id, com_nombre, com_conara_sii, com_cod_tesoreria) values (260, 44, 'Cerro Navia', 14156, 324);
INSERT INTO comunas (com_id, pro_id, com_nombre, com_conara_sii, com_cod_tesoreria) values (261, 44, 'Conchalí', 14127, 75);
INSERT INTO comunas (com_id, pro_id, com_nombre, com_conara_sii, com_cod_tesoreria) values (262, 44, 'El Bosque', 16165, 338);
INSERT INTO comunas (com_id, pro_id, com_nombre, com_conara_sii, com_cod_tesoreria) values (263, 44, 'Estación Central', 14157, 328);
INSERT INTO comunas (com_id, pro_id, com_nombre, com_conara_sii, com_cod_tesoreria) values (264, 44, 'Huechuraba', 14158, 334);
INSERT INTO comunas (com_id, pro_id, com_nombre, com_conara_sii, com_cod_tesoreria) values (265, 44, 'Independencia', 13167, 330);
INSERT INTO comunas (com_id, pro_id, com_nombre, com_conara_sii, com_cod_tesoreria) values (266, 44, 'La Cisterna', 16110, 96);
INSERT INTO comunas (com_id, pro_id, com_nombre, com_conara_sii, com_cod_tesoreria) values (267, 44, 'La Florida', 15128, 93);
INSERT INTO comunas (com_id, pro_id, com_nombre, com_conara_sii, com_cod_tesoreria) values (268, 44, 'La Granja', 16131, 97);
INSERT INTO comunas (com_id, pro_id, com_nombre, com_conara_sii, com_cod_tesoreria) values (269, 44, 'La Pintana', 16154, 327);
INSERT INTO comunas (com_id, pro_id, com_nombre, com_conara_sii, com_cod_tesoreria) values (270, 44, 'La Reina', 15132, 92);
INSERT INTO comunas (com_id, pro_id, com_nombre, com_conara_sii, com_cod_tesoreria) values (271, 44, 'Las Condes', 15108, 71);
INSERT INTO comunas (com_id, pro_id, com_nombre, com_conara_sii, com_cod_tesoreria) values (272, 44, 'Lo Barnechea', 15161, 332);
INSERT INTO comunas (com_id, pro_id, com_nombre, com_conara_sii, com_cod_tesoreria) values (273, 44, 'Lo Espejo', 16164, 337);
INSERT INTO comunas (com_id, pro_id, com_nombre, com_conara_sii, com_cod_tesoreria) values (274, 44, 'Lo Prado', 14155, 325);
INSERT INTO comunas (com_id, pro_id, com_nombre, com_conara_sii, com_cod_tesoreria) values (275, 44, 'Macúl', 15151, 323);
INSERT INTO comunas (com_id, pro_id, com_nombre, com_conara_sii, com_cod_tesoreria) values (276, 44, 'Maipú', 14109, 94);
INSERT INTO comunas (com_id, pro_id, com_nombre, com_conara_sii, com_cod_tesoreria) values (277, 44, 'Ñuñoa', 11302, 310);
INSERT INTO comunas (com_id, pro_id, com_nombre, com_conara_sii, com_cod_tesoreria) values (278, 44, 'Pedro Aguirre Cerda', 7203, 152);
INSERT INTO comunas (com_id, pro_id, com_nombre, com_conara_sii, com_cod_tesoreria) values (279, 44, 'Peñalolen', 6208, 131);
INSERT INTO comunas (com_id, pro_id, com_nombre, com_conara_sii, com_cod_tesoreria) values (280, 44, 'Providencia', 5307, 36);
INSERT INTO comunas (com_id, pro_id, com_nombre, com_conara_sii, com_cod_tesoreria) values (281, 44, 'Pudahuel', 16301, 100);
INSERT INTO comunas (com_id, pro_id, com_nombre, com_conara_sii, com_cod_tesoreria) values (282, 44, 'Quilicura', 8404, 206);
INSERT INTO comunas (com_id, pro_id, com_nombre, com_conara_sii, com_cod_tesoreria) values (283, 44, 'Quinta Normal', 5306, 35);
INSERT INTO comunas (com_id, pro_id, com_nombre, com_conara_sii, com_cod_tesoreria) values (284, 44, 'Recoleta', 9104, 219);
INSERT INTO comunas (com_id, pro_id, com_nombre, com_conara_sii, com_cod_tesoreria) values (285, 44, 'Renca', 6112, 121);
INSERT INTO comunas (com_id, pro_id, com_nombre, com_conara_sii, com_cod_tesoreria) values (286, 44, 'San Joaquín', 16163, 335);
INSERT INTO comunas (com_id, pro_id, com_nombre, com_conara_sii, com_cod_tesoreria) values (287, 44, 'San Miguel', 16106, 95);
INSERT INTO comunas (com_id, pro_id, com_nombre, com_conara_sii, com_cod_tesoreria) values (288, 44, 'San Ramón', 16153, 326);
INSERT INTO comunas (com_id, pro_id, com_nombre, com_conara_sii, com_cod_tesoreria) values (289, 44, 'Vitacura', 15160, 331);
INSERT INTO comunas (com_id, pro_id, com_nombre, com_conara_sii, com_cod_tesoreria) values (290, 45, 'Puente Alto', 10301, 261);
INSERT INTO comunas (com_id, pro_id, com_nombre, com_conara_sii, com_cod_tesoreria) values (291, 45, 'Pirque', 9211, 237);
INSERT INTO comunas (com_id, pro_id, com_nombre, com_conara_sii, com_cod_tesoreria) values (292, 45, 'San José de Maipo', 16303, 102);
INSERT INTO comunas (com_id, pro_id, com_nombre, com_conara_sii, com_cod_tesoreria) values (293, 46, 'Colina', 14201, 76);
INSERT INTO comunas (com_id, pro_id, com_nombre, com_conara_sii, com_cod_tesoreria) values (294, 46, 'Lampa', 14202, 78);
INSERT INTO comunas (com_id, pro_id, com_nombre, com_conara_sii, com_cod_tesoreria) values (295, 46, 'Tiltil', 14203, 80);
INSERT INTO comunas (com_id, pro_id, com_nombre, com_conara_sii, com_cod_tesoreria) values (296, 47, 'San Bernardo', 8109, 176);
INSERT INTO comunas (com_id, pro_id, com_nombre, com_conara_sii, com_cod_tesoreria) values (297, 47, 'Buin', 16403, 103);
INSERT INTO comunas (com_id, pro_id, com_nombre, com_conara_sii, com_cod_tesoreria) values (298, 47, 'Calera de Tango', 16402, 99);
INSERT INTO comunas (com_id, pro_id, com_nombre, com_conara_sii, com_cod_tesoreria) values (299, 47, 'Paine', 10504, 282);
INSERT INTO comunas (com_id, pro_id, com_nombre, com_conara_sii, com_cod_tesoreria) values (300, 48, 'Melipilla', 14601, 88);
INSERT INTO comunas (com_id, pro_id, com_nombre, com_conara_sii, com_cod_tesoreria) values (301, 48, 'Alhue', 14605, 109);
INSERT INTO comunas (com_id, pro_id, com_nombre, com_conara_sii, com_cod_tesoreria) values (302, 48, 'Curacaví', 14603, 83);
INSERT INTO comunas (com_id, pro_id, com_nombre, com_conara_sii, com_cod_tesoreria) values (303, 48, 'María Pinto', 14602, 90);
INSERT INTO comunas (com_id, pro_id, com_nombre, com_conara_sii, com_cod_tesoreria) values (304, 48, 'San Pedro', 14604, 108);
INSERT INTO comunas (com_id, pro_id, com_nombre, com_conara_sii, com_cod_tesoreria) values (305, 49, 'Talagante', 14501, 86);
INSERT INTO comunas (com_id, pro_id, com_nombre, com_conara_sii, com_cod_tesoreria) values (306, 49, 'El Monte', 14503, 89);
INSERT INTO comunas (com_id, pro_id, com_nombre, com_conara_sii, com_cod_tesoreria) values (307, 49, 'Isla de Maipo', 14502, 87);
INSERT INTO comunas (com_id, pro_id, com_nombre, com_conara_sii, com_cod_tesoreria) values (308, 49, 'Padre Hurtado', 9220, 345);
INSERT INTO comunas (com_id, pro_id, com_nombre, com_conara_sii, com_cod_tesoreria) values (309, 49, 'Peñaflor', 15152, 322);
INSERT INTO comunas (com_id, pro_id, com_nombre, com_conara_sii, com_cod_tesoreria) values (310, 50, 'Valdivia', 10101, 243);
INSERT INTO comunas (com_id, pro_id, com_nombre, com_conara_sii, com_cod_tesoreria) values (311, 50, 'Corral', 10106, 244);
INSERT INTO comunas (com_id, pro_id, com_nombre, com_conara_sii, com_cod_tesoreria) values (312, 50, 'Lanco', 10103, 249);
INSERT INTO comunas (com_id, pro_id, com_nombre, com_conara_sii, com_cod_tesoreria) values (313, 50, 'Los Lagos', 10104, 247);
INSERT INTO comunas (com_id, pro_id, com_nombre, com_conara_sii, com_cod_tesoreria) values (314, 50, 'Máfil', 10107, 246);
INSERT INTO comunas (com_id, pro_id, com_nombre, com_conara_sii, com_cod_tesoreria) values (315, 50, 'Mariquina', 10102, 245);
INSERT INTO comunas (com_id, pro_id, com_nombre, com_conara_sii, com_cod_tesoreria) values (316, 50, 'Paillaco', 16404, 104);
INSERT INTO comunas (com_id, pro_id, com_nombre, com_conara_sii, com_cod_tesoreria) values (317, 50, 'Panguipulli', 5602, 62);
INSERT INTO comunas (com_id, pro_id, com_nombre, com_conara_sii, com_cod_tesoreria) values (318, 51, 'La Unión', 10109, 251);
INSERT INTO comunas (com_id, pro_id, com_nombre, com_conara_sii, com_cod_tesoreria) values (319, 51, 'Futrono', 10105, 248);
INSERT INTO comunas (com_id, pro_id, com_nombre, com_conara_sii, com_cod_tesoreria) values (320, 51, 'Lago Ranco', 10112, 254);
INSERT INTO comunas (com_id, pro_id, com_nombre, com_conara_sii, com_cod_tesoreria) values (321, 51, 'Río Bueno', 7204, 149);
INSERT INTO comunas (com_id, pro_id, com_nombre, com_conara_sii, com_cod_tesoreria) values (322, 52, 'General Lagos', 1302, 293);
INSERT INTO comunas (com_id, pro_id, com_nombre, com_conara_sii, com_cod_tesoreria) values (323, 52, 'Putre', 10204, 256);
INSERT INTO comunas (com_id, pro_id, com_nombre, com_conara_sii, com_cod_tesoreria) values (324, 53, 'Arica', 1101, 1);
INSERT INTO comunas (com_id, pro_id, com_nombre, com_conara_sii, com_cod_tesoreria) values (325, 53, 'Camarones', 1106, 295);
INSERT INTO comunas (com_id, pro_id, com_nombre, com_conara_sii, com_cod_tesoreria) values (326, 54, 'Chillán', 8101, 168);
INSERT INTO comunas (com_id, pro_id, com_nombre, com_conara_sii, com_cod_tesoreria) values (327, 54, 'Chillán Viejo', 8121, 342);
INSERT INTO comunas (com_id, pro_id, com_nombre, com_conara_sii, com_cod_tesoreria) values (328, 54, 'El Carmen', 8118, 185);
INSERT INTO comunas (com_id, pro_id, com_nombre, com_conara_sii, com_cod_tesoreria) values (329, 54, 'Pinto', 16302, 101);
INSERT INTO comunas (com_id, pro_id, com_nombre, com_conara_sii, com_cod_tesoreria) values (330, 54, 'Quillón', 5501, 48);
INSERT INTO comunas (com_id, pro_id, com_nombre, com_conara_sii, com_cod_tesoreria) values (331, 54, 'Bulnes', 8113, 180);
INSERT INTO comunas (com_id, pro_id, com_nombre, com_conara_sii, com_cod_tesoreria) values (332, 54, 'San Ignacio', 8114, 181);
INSERT INTO comunas (com_id, pro_id, com_nombre, com_conara_sii, com_cod_tesoreria) values (333, 54, 'Pemuco', 7205, 153);
INSERT INTO comunas (com_id, pro_id, com_nombre, com_conara_sii, com_cod_tesoreria) values (334, 54, 'Yungay', 8116, 183);
INSERT INTO comunas (com_id, pro_id, com_nombre, com_conara_sii, com_cod_tesoreria) values (335, 55, 'Cobquecura', 8107, 175);
INSERT INTO comunas (com_id, pro_id, com_nombre, com_conara_sii, com_cod_tesoreria) values (336, 55, 'Quirihue', 6101, 105);
INSERT INTO comunas (com_id, pro_id, com_nombre, com_conara_sii, com_cod_tesoreria) values (337, 55, 'Ninhue', 5502, 52);
INSERT INTO comunas (com_id, pro_id, com_nombre, com_conara_sii, com_cod_tesoreria) values (338, 55, 'Treguaco', 8108, 173);
INSERT INTO comunas (com_id, pro_id, com_nombre, com_conara_sii, com_cod_tesoreria) values (339, 55, 'Portezuelo', 12301, 292);
INSERT INTO comunas (com_id, pro_id, com_nombre, com_conara_sii, com_cod_tesoreria) values (340, 55, 'Coelemu', 8120, 186);
INSERT INTO comunas (com_id, pro_id, com_nombre, com_conara_sii, com_cod_tesoreria) values (341, 55, 'Ranquil', 7104, 143);
INSERT INTO comunas (com_id, pro_id, com_nombre, com_conara_sii, com_cod_tesoreria) values (342, 56, 'San Carlos', 7202, 151);
INSERT INTO comunas (com_id, pro_id, com_nombre, com_conara_sii, com_cod_tesoreria) values (343, 56, 'Ñiquén', 15105, 91);
INSERT INTO comunas (com_id, pro_id, com_nombre, com_conara_sii, com_cod_tesoreria) values (344, 56, 'San Fabián', 5601, 60);
INSERT INTO comunas (com_id, pro_id, com_nombre, com_conara_sii, com_cod_tesoreria) values (345, 56, 'San Nicolás', 8112, 179);
INSERT INTO comunas (com_id, pro_id, com_nombre, com_conara_sii, com_cod_tesoreria) values (346, 56, 'Coihueco', 8103, 170);