CREATE TABLE regiones (
	reg_id INT NOT NULL AUTO_INCREMENT,
	reg_numero_region INT NOT NULL,
	reg_nombre varchar(100) NOT NULL,
	PRIMARY KEY(reg_id));

CREATE TABLE provincias (
	pro_id INT NOT NULL AUTO_INCREMENT,
	reg_id INT NOT NULL,
	pro_nombre varchar(100) NOT NULL,
	PRIMARY KEY(pro_id));

CREATE TABLE comunas (
	com_id INT NOT NULL AUTO_INCREMENT,
	pro_id INT NOT NULL,
	com_nombre varchar(100) NOT NULL,
	PRIMARY KEY(com_id));

ALTER TABLE provincias
ADD CONSTRAINT fk_provincia_region
FOREIGN KEY (reg_id) REFERENCES regiones(reg_id); 

ALTER TABLE comunas
ADD CONSTRAINT fk_comuna_provincia
FOREIGN KEY (pro_id) REFERENCES provincias(pro_id); 

INSERT INTO regiones (reg_id, reg_numero_region, reg_nombre) VALUES(1, 1, 'Región de Tarapacá');
INSERT INTO regiones (reg_id, reg_numero_region, reg_nombre) VALUES(2, 2, 'Región de Antofagasta');
INSERT INTO regiones (reg_id, reg_numero_region, reg_nombre) VALUES(3, 3, 'Región de Atacama');
INSERT INTO regiones (reg_id, reg_numero_region, reg_nombre) VALUES(4, 4, 'Región de Coquimbo');
INSERT INTO regiones (reg_id, reg_numero_region, reg_nombre) VALUES(5, 5, 'Región de Valparaíso');
INSERT INTO regiones (reg_id, reg_numero_region, reg_nombre) VALUES(6, 6, 'Región de Ohiggins');
INSERT INTO regiones (reg_id, reg_numero_region, reg_nombre) VALUES(7, 7, 'Región del Maule');
INSERT INTO regiones (reg_id, reg_numero_region, reg_nombre) VALUES(8, 8, 'Región del Bío-Bío');
INSERT INTO regiones (reg_id, reg_numero_region, reg_nombre) VALUES(9, 9, 'Región de La Araucanía');
INSERT INTO regiones (reg_id, reg_numero_region, reg_nombre) VALUES(10, 10, 'Región de Los Lagos');
INSERT INTO regiones (reg_id, reg_numero_region, reg_nombre) VALUES(11, 11, 'Región de Aysén');
INSERT INTO regiones (reg_id, reg_numero_region, reg_nombre) VALUES(12, 12, 'Región de Magallanes');
INSERT INTO regiones (reg_id, reg_numero_region, reg_nombre) VALUES(13, 13, 'Región Metropolitana');
INSERT INTO regiones (reg_id, reg_numero_region, reg_nombre) VALUES(14, 14, 'Región de Los Ríos');
INSERT INTO regiones (reg_id, reg_numero_region, reg_nombre) VALUES(15, 15, 'Región de Arica y Parinacota');
INSERT INTO regiones (reg_id, reg_numero_region, reg_nombre) VALUES(16, 16, 'Región de Ñuble');

INSERT INTO provincias (pro_id, reg_id, pro_nombre) VALUES (1, 1, 'Iquique');
INSERT INTO provincias (pro_id, reg_id, pro_nombre) VALUES (2, 1, 'Tamarugal');
INSERT INTO provincias (pro_id, reg_id, pro_nombre) VALUES (3, 2, 'Antofagasta');
INSERT INTO provincias (pro_id, reg_id, pro_nombre) VALUES (4, 2, 'El Loa');
INSERT INTO provincias (pro_id, reg_id, pro_nombre) VALUES (5, 2, 'Tocopilla');
INSERT INTO provincias (pro_id, reg_id, pro_nombre) VALUES (6, 3, 'Copiapo');
INSERT INTO provincias (pro_id, reg_id, pro_nombre) VALUES (7, 3, 'Chañaral');
INSERT INTO provincias (pro_id, reg_id, pro_nombre) VALUES (8, 3, 'Huasco');
INSERT INTO provincias (pro_id, reg_id, pro_nombre) VALUES (9, 4, 'Elqui');
INSERT INTO provincias (pro_id, reg_id, pro_nombre) VALUES (10, 4, 'Choapa');
INSERT INTO provincias (pro_id, reg_id, pro_nombre) VALUES (11, 4, 'Limari');
INSERT INTO provincias (pro_id, reg_id, pro_nombre) VALUES (12, 5, 'Valparaíso');
INSERT INTO provincias (pro_id, reg_id, pro_nombre) VALUES (13, 5, 'Isla de Pascua');
INSERT INTO provincias (pro_id, reg_id, pro_nombre) VALUES (14, 5, 'Los Andes');
INSERT INTO provincias (pro_id, reg_id, pro_nombre) VALUES (15, 5, 'Petorca');
INSERT INTO provincias (pro_id, reg_id, pro_nombre) VALUES (16, 5, 'Quillota');
INSERT INTO provincias (pro_id, reg_id, pro_nombre) VALUES (17, 5, 'San Antonio');
INSERT INTO provincias (pro_id, reg_id, pro_nombre) VALUES (18, 5, 'San Felipe de Aconcagua');
INSERT INTO provincias (pro_id, reg_id, pro_nombre) VALUES (19, 5, 'Marga Marga');
INSERT INTO provincias (pro_id, reg_id, pro_nombre) VALUES (20, 6, 'Cachapoal');
INSERT INTO provincias (pro_id, reg_id, pro_nombre) VALUES (21, 6, 'Cardenal Caro');
INSERT INTO provincias (pro_id, reg_id, pro_nombre) VALUES (22, 6, 'Colchagua');
INSERT INTO provincias (pro_id, reg_id, pro_nombre) VALUES (23, 7, 'Talca');
INSERT INTO provincias (pro_id, reg_id, pro_nombre) VALUES (24, 7, 'Cauquenes');
INSERT INTO provincias (pro_id, reg_id, pro_nombre) VALUES (25, 7, 'Curicó');
INSERT INTO provincias (pro_id, reg_id, pro_nombre) VALUES (26, 7, 'Linares');
INSERT INTO provincias (pro_id, reg_id, pro_nombre) VALUES (27, 8, 'Concepción');
INSERT INTO provincias (pro_id, reg_id, pro_nombre) VALUES (28, 8, 'Arauco');
INSERT INTO provincias (pro_id, reg_id, pro_nombre) VALUES (29, 8, 'Bío Bío');
INSERT INTO provincias (pro_id, reg_id, pro_nombre) VALUES (30, 9, 'Cautín');
INSERT INTO provincias (pro_id, reg_id, pro_nombre) VALUES (31, 9, 'Malleco');
INSERT INTO provincias (pro_id, reg_id, pro_nombre) VALUES (32, 10, 'Llanquihue');
INSERT INTO provincias (pro_id, reg_id, pro_nombre) VALUES (33, 10, 'Chiloé');
INSERT INTO provincias (pro_id, reg_id, pro_nombre) VALUES (34, 10, 'Osorno');
INSERT INTO provincias (pro_id, reg_id, pro_nombre) VALUES (35, 10, 'Palena');
INSERT INTO provincias (pro_id, reg_id, pro_nombre) VALUES (36, 11, 'Coihaique');
INSERT INTO provincias (pro_id, reg_id, pro_nombre) VALUES (37, 11, 'Aisén');
INSERT INTO provincias (pro_id, reg_id, pro_nombre) VALUES (38, 11, 'Capitán Prat');
INSERT INTO provincias (pro_id, reg_id, pro_nombre) VALUES (39, 11, 'General Carrera');
INSERT INTO provincias (pro_id, reg_id, pro_nombre) VALUES (40, 12, 'Magallanes');
INSERT INTO provincias (pro_id, reg_id, pro_nombre) VALUES (41, 12, 'Antártica Chilena');
INSERT INTO provincias (pro_id, reg_id, pro_nombre) VALUES (42, 12, 'Tierra del Fuego');
INSERT INTO provincias (pro_id, reg_id, pro_nombre) VALUES (43, 12, 'Última Esperanza');
INSERT INTO provincias (pro_id, reg_id, pro_nombre) VALUES (44, 13, 'Santiago');
INSERT INTO provincias (pro_id, reg_id, pro_nombre) VALUES (45, 13, 'Cordillera');
INSERT INTO provincias (pro_id, reg_id, pro_nombre) VALUES (46, 13, 'Chacabuco');
INSERT INTO provincias (pro_id, reg_id, pro_nombre) VALUES (47, 13, 'Maipo');
INSERT INTO provincias (pro_id, reg_id, pro_nombre) VALUES (48, 13, 'Melipilla');
INSERT INTO provincias (pro_id, reg_id, pro_nombre) VALUES (49, 13, 'Talagante');
INSERT INTO provincias (pro_id, reg_id, pro_nombre) VALUES (50, 14, 'Valdivia');
INSERT INTO provincias (pro_id, reg_id, pro_nombre) VALUES (51, 14, 'Ranco');
INSERT INTO provincias (pro_id, reg_id, pro_nombre) VALUES (52, 15, 'Parinacota');
INSERT INTO provincias (pro_id, reg_id, pro_nombre) VALUES (53, 15, 'Arica');
INSERT INTO provincias (pro_id, reg_id, pro_nombre) VALUES (54, 16, 'Diguillín');
INSERT INTO provincias (pro_id, reg_id, pro_nombre) VALUES (55, 16, 'Itata');
INSERT INTO provincias (pro_id, reg_id, pro_nombre) VALUES (56, 16, 'Punilla');

INSERT INTO comunas (com_id, pro_id, com_nombre) values (1, 1, 'Iquique');
INSERT INTO comunas (com_id, pro_id, com_nombre) values (2, 1, 'Alto Hospicio');
INSERT INTO comunas (com_id, pro_id, com_nombre) values (3, 2, 'Pozo Almonte');
INSERT INTO comunas (com_id, pro_id, com_nombre) values (4, 2, 'Camiña');
INSERT INTO comunas (com_id, pro_id, com_nombre) values (5, 2, 'Colchane');
INSERT INTO comunas (com_id, pro_id, com_nombre) values (6, 2, 'Huara');
INSERT INTO comunas (com_id, pro_id, com_nombre) values (7, 2, 'Pica');
INSERT INTO comunas (com_id, pro_id, com_nombre) values (8, 3, 'Antofagasta');
INSERT INTO comunas (com_id, pro_id, com_nombre) values (9, 3, 'Sierra Gorda');
INSERT INTO comunas (com_id, pro_id, com_nombre) values (10, 3, 'Mejillones');
INSERT INTO comunas (com_id, pro_id, com_nombre) values (11, 3, 'Taltal');
INSERT INTO comunas (com_id, pro_id, com_nombre) values (12, 4, 'Calama');
INSERT INTO comunas (com_id, pro_id, com_nombre) values (13, 4, 'Ollagüe');
INSERT INTO comunas (com_id, pro_id, com_nombre) values (14, 4, 'San Pedro de Atacama');
INSERT INTO comunas (com_id, pro_id, com_nombre) values (15, 5, 'Tocopilla');
INSERT INTO comunas (com_id, pro_id, com_nombre) values (16, 5, 'Maria Elena');
INSERT INTO comunas (com_id, pro_id, com_nombre) values (17, 6, 'Copiapo');
INSERT INTO comunas (com_id, pro_id, com_nombre) values (18, 6, 'Caldera');
INSERT INTO comunas (com_id, pro_id, com_nombre) values (19, 6, 'Tierra Amarilla');
INSERT INTO comunas (com_id, pro_id, com_nombre) values (20, 7, 'Chañaral');
INSERT INTO comunas (com_id, pro_id, com_nombre) values (21, 7, 'Diego de Almagro');
INSERT INTO comunas (com_id, pro_id, com_nombre) values (22, 8, 'Vallenar');
INSERT INTO comunas (com_id, pro_id, com_nombre) values (23, 8, 'Alto del Carmen');
INSERT INTO comunas (com_id, pro_id, com_nombre) values (24, 8, 'Freirina');
INSERT INTO comunas (com_id, pro_id, com_nombre) values (25, 8, 'Huasco');
INSERT INTO comunas (com_id, pro_id, com_nombre) values (26, 9, 'La Serena');
INSERT INTO comunas (com_id, pro_id, com_nombre) values (27, 9, 'Coquimbo');
INSERT INTO comunas (com_id, pro_id, com_nombre) values (28, 9, 'Andacollo');
INSERT INTO comunas (com_id, pro_id, com_nombre) values (29, 9, 'La Higuera');
INSERT INTO comunas (com_id, pro_id, com_nombre) values (30, 9, 'Paigüano');
INSERT INTO comunas (com_id, pro_id, com_nombre) values (31, 9, 'Vicuña');
INSERT INTO comunas (com_id, pro_id, com_nombre) values (32, 10, 'Illapel');
INSERT INTO comunas (com_id, pro_id, com_nombre) values (33, 10, 'Canela');
INSERT INTO comunas (com_id, pro_id, com_nombre) values (34, 10, 'Los Vilos');
INSERT INTO comunas (com_id, pro_id, com_nombre) values (35, 10, 'Salamanca');
INSERT INTO comunas (com_id, pro_id, com_nombre) values (36, 11, 'Ovalle');
INSERT INTO comunas (com_id, pro_id, com_nombre) values (37, 11, 'Combarbala');
INSERT INTO comunas (com_id, pro_id, com_nombre) values (38, 11, 'Monte Patria');
INSERT INTO comunas (com_id, pro_id, com_nombre) values (39, 11, 'Punitaqui');
INSERT INTO comunas (com_id, pro_id, com_nombre) values (40, 11, 'Río Hurtado');
INSERT INTO comunas (com_id, pro_id, com_nombre) values (41, 12, 'Valparaíso');
INSERT INTO comunas (com_id, pro_id, com_nombre) values (42, 12, 'Casablanca');
INSERT INTO comunas (com_id, pro_id, com_nombre) values (43, 12, 'Concón');
INSERT INTO comunas (com_id, pro_id, com_nombre) values (44, 12, 'Juan Fernández');
INSERT INTO comunas (com_id, pro_id, com_nombre) values (45, 12, 'Puchuncaví');
INSERT INTO comunas (com_id, pro_id, com_nombre) values (46, 12, 'Quintero');
INSERT INTO comunas (com_id, pro_id, com_nombre) values (47, 12, 'Viña del Mar');
INSERT INTO comunas (com_id, pro_id, com_nombre) values (48, 13, 'Isla de Pascua');
INSERT INTO comunas (com_id, pro_id, com_nombre) values (49, 14, 'Los Andes');
INSERT INTO comunas (com_id, pro_id, com_nombre) values (50, 14, 'Rinconada');
INSERT INTO comunas (com_id, pro_id, com_nombre) values (51, 14, 'Calle Larga');
INSERT INTO comunas (com_id, pro_id, com_nombre) values (52, 14, 'San Esteban');
INSERT INTO comunas (com_id, pro_id, com_nombre) values (53, 15, 'La Ligua');
INSERT INTO comunas (com_id, pro_id, com_nombre) values (54, 15, 'Cabildo');
INSERT INTO comunas (com_id, pro_id, com_nombre) values (55, 15, 'Papudo');
INSERT INTO comunas (com_id, pro_id, com_nombre) values (56, 15, 'Petorca');
INSERT INTO comunas (com_id, pro_id, com_nombre) values (57, 15, 'Zapallar');
INSERT INTO comunas (com_id, pro_id, com_nombre) values (58, 16, 'Quillota');
INSERT INTO comunas (com_id, pro_id, com_nombre) values (59, 16, 'Calera');
INSERT INTO comunas (com_id, pro_id, com_nombre) values (60, 16, 'Hijuelas');
INSERT INTO comunas (com_id, pro_id, com_nombre) values (61, 16, 'La Cruz');
INSERT INTO comunas (com_id, pro_id, com_nombre) values (62, 16, 'Nogales');
INSERT INTO comunas (com_id, pro_id, com_nombre) values (63, 17, 'San Antonio');
INSERT INTO comunas (com_id, pro_id, com_nombre) values (64, 17, 'Algarrobo');
INSERT INTO comunas (com_id, pro_id, com_nombre) values (65, 17, 'Cartagena');
INSERT INTO comunas (com_id, pro_id, com_nombre) values (66, 17, 'El Quisco');
INSERT INTO comunas (com_id, pro_id, com_nombre) values (67, 17, 'El Tabo');
INSERT INTO comunas (com_id, pro_id, com_nombre) values (68, 17, 'Santo Domingo');
INSERT INTO comunas (com_id, pro_id, com_nombre) values (69, 18, 'San Felipe');
INSERT INTO comunas (com_id, pro_id, com_nombre) values (70, 18, 'Catemu');
INSERT INTO comunas (com_id, pro_id, com_nombre) values (71, 18, 'Llaillay');
INSERT INTO comunas (com_id, pro_id, com_nombre) values (72, 18, 'Panquehue');
INSERT INTO comunas (com_id, pro_id, com_nombre) values (73, 18, 'Putaendo');
INSERT INTO comunas (com_id, pro_id, com_nombre) values (74, 18, 'Santa María');
INSERT INTO comunas (com_id, pro_id, com_nombre) values (75, 19, 'Quilpué');
INSERT INTO comunas (com_id, pro_id, com_nombre) values (76, 19, 'Limache');
INSERT INTO comunas (com_id, pro_id, com_nombre) values (77, 19, 'Olmué');
INSERT INTO comunas (com_id, pro_id, com_nombre) values (78, 19, 'Villa Alemana');
INSERT INTO comunas (com_id, pro_id, com_nombre) values (79, 20, 'Rancagua');
INSERT INTO comunas (com_id, pro_id, com_nombre) values (80, 20, 'Codegua');
INSERT INTO comunas (com_id, pro_id, com_nombre) values (81, 20, 'Coinco');
INSERT INTO comunas (com_id, pro_id, com_nombre) values (82, 20, 'Coltauco');
INSERT INTO comunas (com_id, pro_id, com_nombre) values (83, 20, 'Doñihue');
INSERT INTO comunas (com_id, pro_id, com_nombre) values (84, 20, 'Graneros');
INSERT INTO comunas (com_id, pro_id, com_nombre) values (85, 20, 'Las Cabras');
INSERT INTO comunas (com_id, pro_id, com_nombre) values (86, 20, 'Machalí');
INSERT INTO comunas (com_id, pro_id, com_nombre) values (87, 20, 'Malloa');
INSERT INTO comunas (com_id, pro_id, com_nombre) values (88, 20, 'Mostazal');
INSERT INTO comunas (com_id, pro_id, com_nombre) values (89, 20, 'Olivar');
INSERT INTO comunas (com_id, pro_id, com_nombre) values (90, 20, 'Peumo');
INSERT INTO comunas (com_id, pro_id, com_nombre) values (91, 20, 'Pichidegua');
INSERT INTO comunas (com_id, pro_id, com_nombre) values (92, 20, 'Quinta de Tilcoco');
INSERT INTO comunas (com_id, pro_id, com_nombre) values (93, 20, 'Rengo');
INSERT INTO comunas (com_id, pro_id, com_nombre) values (94, 20, 'Requínoa');
INSERT INTO comunas (com_id, pro_id, com_nombre) values (95, 20, 'San Vicente');
INSERT INTO comunas (com_id, pro_id, com_nombre) values (96, 21, 'Pichilemu');
INSERT INTO comunas (com_id, pro_id, com_nombre) values (97, 21, 'La Estrella');
INSERT INTO comunas (com_id, pro_id, com_nombre) values (98, 21, 'Litueche');
INSERT INTO comunas (com_id, pro_id, com_nombre) values (99, 21, 'Marchihue');
INSERT INTO comunas (com_id, pro_id, com_nombre) values (100, 21, 'Navidad');
INSERT INTO comunas (com_id, pro_id, com_nombre) values (101, 21, 'Paredones');
INSERT INTO comunas (com_id, pro_id, com_nombre) values (102, 22, 'San Fernando');
INSERT INTO comunas (com_id, pro_id, com_nombre) values (103, 22, 'Chépica');
INSERT INTO comunas (com_id, pro_id, com_nombre) values (104, 22, 'Chimbarongo');
INSERT INTO comunas (com_id, pro_id, com_nombre) values (105, 22, 'Lolol');
INSERT INTO comunas (com_id, pro_id, com_nombre) values (106, 22, 'Nancagua');
INSERT INTO comunas (com_id, pro_id, com_nombre) values (107, 22, 'Palmilla');
INSERT INTO comunas (com_id, pro_id, com_nombre) values (108, 22, 'Peralillo');
INSERT INTO comunas (com_id, pro_id, com_nombre) values (109, 22, 'Placilla');
INSERT INTO comunas (com_id, pro_id, com_nombre) values (110, 22, 'Pumanque');
INSERT INTO comunas (com_id, pro_id, com_nombre) values (111, 22, 'Santa Cruz');
INSERT INTO comunas (com_id, pro_id, com_nombre) values (112, 23, 'Talca');
INSERT INTO comunas (com_id, pro_id, com_nombre) values (113, 23, 'Constitución');
INSERT INTO comunas (com_id, pro_id, com_nombre) values (114, 23, 'Curepto');
INSERT INTO comunas (com_id, pro_id, com_nombre) values (115, 23, 'Empedrado');
INSERT INTO comunas (com_id, pro_id, com_nombre) values (116, 23, 'Maule');
INSERT INTO comunas (com_id, pro_id, com_nombre) values (117, 23, 'Pelarco');
INSERT INTO comunas (com_id, pro_id, com_nombre) values (118, 23, 'Pencahue');
INSERT INTO comunas (com_id, pro_id, com_nombre) values (119, 23, 'Río Claro');
INSERT INTO comunas (com_id, pro_id, com_nombre) values (120, 23, 'San Clemente');
INSERT INTO comunas (com_id, pro_id, com_nombre) values (121, 23, 'San Rafael');
INSERT INTO comunas (com_id, pro_id, com_nombre) values (122, 24, 'Cauquenes');
INSERT INTO comunas (com_id, pro_id, com_nombre) values (123, 24, 'Chanco');
INSERT INTO comunas (com_id, pro_id, com_nombre) values (124, 24, 'Pellehue');
INSERT INTO comunas (com_id, pro_id, com_nombre) values (125, 25, 'Curicó');
INSERT INTO comunas (com_id, pro_id, com_nombre) values (126, 25, 'Hualañé');
INSERT INTO comunas (com_id, pro_id, com_nombre) values (127, 25, 'Licantén');
INSERT INTO comunas (com_id, pro_id, com_nombre) values (128, 25, 'Molina');
INSERT INTO comunas (com_id, pro_id, com_nombre) values (129, 25, 'Rauco');
INSERT INTO comunas (com_id, pro_id, com_nombre) values (130, 25, 'Romeral');
INSERT INTO comunas (com_id, pro_id, com_nombre) values (131, 25, 'Sagrada Familia');
INSERT INTO comunas (com_id, pro_id, com_nombre) values (132, 25, 'Teno');
INSERT INTO comunas (com_id, pro_id, com_nombre) values (133, 25, 'Vichuquen');
INSERT INTO comunas (com_id, pro_id, com_nombre) values (134, 26, 'Linares');
INSERT INTO comunas (com_id, pro_id, com_nombre) values (135, 26, 'Colbún');
INSERT INTO comunas (com_id, pro_id, com_nombre) values (136, 26, 'Longaví');
INSERT INTO comunas (com_id, pro_id, com_nombre) values (137, 26, 'Parral');
INSERT INTO comunas (com_id, pro_id, com_nombre) values (138, 26, 'Retiro');
INSERT INTO comunas (com_id, pro_id, com_nombre) values (139, 26, 'San Javier');
INSERT INTO comunas (com_id, pro_id, com_nombre) values (140, 26, 'Villa Alegre');
INSERT INTO comunas (com_id, pro_id, com_nombre) values (141, 26, 'Yerbas Buenas');
INSERT INTO comunas (com_id, pro_id, com_nombre) values (142, 27, 'Concepción');
INSERT INTO comunas (com_id, pro_id, com_nombre) values (143, 27, 'Coronel');
INSERT INTO comunas (com_id, pro_id, com_nombre) values (144, 27, 'Chiguayante');
INSERT INTO comunas (com_id, pro_id, com_nombre) values (145, 27, 'Florida');
INSERT INTO comunas (com_id, pro_id, com_nombre) values (146, 27, 'Hualqui');
INSERT INTO comunas (com_id, pro_id, com_nombre) values (147, 27, 'Lota');
INSERT INTO comunas (com_id, pro_id, com_nombre) values (148, 27, 'Penco');
INSERT INTO comunas (com_id, pro_id, com_nombre) values (149, 27, 'San Pedro de La Paz');
INSERT INTO comunas (com_id, pro_id, com_nombre) values (150, 27, 'Santa Juana');
INSERT INTO comunas (com_id, pro_id, com_nombre) values (151, 27, 'Talcahuano');
INSERT INTO comunas (com_id, pro_id, com_nombre) values (152, 27, 'Tomé');
INSERT INTO comunas (com_id, pro_id, com_nombre) values (153, 27, 'Hualpén');
INSERT INTO comunas (com_id, pro_id, com_nombre) values (154, 28, 'Lebu');
INSERT INTO comunas (com_id, pro_id, com_nombre) values (155, 28, 'Arauco');
INSERT INTO comunas (com_id, pro_id, com_nombre) values (156, 28, 'Cañete');
INSERT INTO comunas (com_id, pro_id, com_nombre) values (157, 28, 'Contulmo');
INSERT INTO comunas (com_id, pro_id, com_nombre) values (158, 28, 'Curanilahue');
INSERT INTO comunas (com_id, pro_id, com_nombre) values (159, 28, 'Los Alamos');
INSERT INTO comunas (com_id, pro_id, com_nombre) values (160, 28, 'Tirúa');
INSERT INTO comunas (com_id, pro_id, com_nombre) values (161, 29, 'Los Ángeles');
INSERT INTO comunas (com_id, pro_id, com_nombre) values (162, 29, 'Antuco');
INSERT INTO comunas (com_id, pro_id, com_nombre) values (163, 29, 'Cabrero');
INSERT INTO comunas (com_id, pro_id, com_nombre) values (164, 29, 'Laja');
INSERT INTO comunas (com_id, pro_id, com_nombre) values (165, 29, 'Mulchén');
INSERT INTO comunas (com_id, pro_id, com_nombre) values (166, 29, 'Nacimiento');
INSERT INTO comunas (com_id, pro_id, com_nombre) values (167, 29, 'Negrete');
INSERT INTO comunas (com_id, pro_id, com_nombre) values (168, 29, 'Quilaco');
INSERT INTO comunas (com_id, pro_id, com_nombre) values (169, 29, 'Quilleco');
INSERT INTO comunas (com_id, pro_id, com_nombre) values (170, 29, 'San Rosendo');
INSERT INTO comunas (com_id, pro_id, com_nombre) values (171, 29, 'Santa Bárbara');
INSERT INTO comunas (com_id, pro_id, com_nombre) values (172, 29, 'Tucapel');
INSERT INTO comunas (com_id, pro_id, com_nombre) values (173, 29, 'Yumbel');
INSERT INTO comunas (com_id, pro_id, com_nombre) values (174, 29, 'Alto Bio Bio');
INSERT INTO comunas (com_id, pro_id, com_nombre) values (175, 30, 'Temuco');
INSERT INTO comunas (com_id, pro_id, com_nombre) values (176, 30, 'Carahue');
INSERT INTO comunas (com_id, pro_id, com_nombre) values (177, 30, 'Cunco');
INSERT INTO comunas (com_id, pro_id, com_nombre) values (178, 30, 'Curarrehue');
INSERT INTO comunas (com_id, pro_id, com_nombre) values (179, 30, 'Freire');
INSERT INTO comunas (com_id, pro_id, com_nombre) values (180, 30, 'Galvarino');
INSERT INTO comunas (com_id, pro_id, com_nombre) values (181, 30, 'Gorbea');
INSERT INTO comunas (com_id, pro_id, com_nombre) values (182, 30, 'Lautaro');
INSERT INTO comunas (com_id, pro_id, com_nombre) values (183, 30, 'Loncoche');
INSERT INTO comunas (com_id, pro_id, com_nombre) values (184, 30, 'Nueva Imperial');
INSERT INTO comunas (com_id, pro_id, com_nombre) values (185, 30, 'Melipeuco');
INSERT INTO comunas (com_id, pro_id, com_nombre) values (186, 30, 'Padre Las Casas');
INSERT INTO comunas (com_id, pro_id, com_nombre) values (187, 30, 'Perquenco');
INSERT INTO comunas (com_id, pro_id, com_nombre) values (188, 30, 'Pitrufquén');
INSERT INTO comunas (com_id, pro_id, com_nombre) values (189, 30, 'Pucón');
INSERT INTO comunas (com_id, pro_id, com_nombre) values (190, 30, 'Saavedra');
INSERT INTO comunas (com_id, pro_id, com_nombre) values (191, 30, 'Teodoro Schmidt');
INSERT INTO comunas (com_id, pro_id, com_nombre) values (192, 30, 'Toltén');
INSERT INTO comunas (com_id, pro_id, com_nombre) values (193, 30, 'Vilcún');
INSERT INTO comunas (com_id, pro_id, com_nombre) values (194, 30, 'Villarrica');
INSERT INTO comunas (com_id, pro_id, com_nombre) values (195, 30, 'Chol Chol');
INSERT INTO comunas (com_id, pro_id, com_nombre) values (196, 31, 'Angol');
INSERT INTO comunas (com_id, pro_id, com_nombre) values (197, 31, 'Collipulli');
INSERT INTO comunas (com_id, pro_id, com_nombre) values (198, 31, 'Curacautín');
INSERT INTO comunas (com_id, pro_id, com_nombre) values (199, 31, 'Ercilla');
INSERT INTO comunas (com_id, pro_id, com_nombre) values (200, 31, 'Lonquimay');
INSERT INTO comunas (com_id, pro_id, com_nombre) values (201, 31, 'Los Sauces');
INSERT INTO comunas (com_id, pro_id, com_nombre) values (202, 31, 'Lumaco');
INSERT INTO comunas (com_id, pro_id, com_nombre) values (203, 31, 'Purén');
INSERT INTO comunas (com_id, pro_id, com_nombre) values (204, 31, 'Renaico');
INSERT INTO comunas (com_id, pro_id, com_nombre) values (205, 31, 'Traiguén');
INSERT INTO comunas (com_id, pro_id, com_nombre) values (206, 31, 'Victoria');
INSERT INTO comunas (com_id, pro_id, com_nombre) values (207, 32, 'Puerto Montt');
INSERT INTO comunas (com_id, pro_id, com_nombre) values (208, 32, 'Calbuco');
INSERT INTO comunas (com_id, pro_id, com_nombre) values (209, 32, 'Cochamó');
INSERT INTO comunas (com_id, pro_id, com_nombre) values (210, 32, 'Fresia');
INSERT INTO comunas (com_id, pro_id, com_nombre) values (211, 32, 'Frutillar');
INSERT INTO comunas (com_id, pro_id, com_nombre) values (212, 32, 'Los Muermos');
INSERT INTO comunas (com_id, pro_id, com_nombre) values (213, 32, 'Llanquihue');
INSERT INTO comunas (com_id, pro_id, com_nombre) values (214, 32, 'Maullín');
INSERT INTO comunas (com_id, pro_id, com_nombre) values (215, 32, 'Puerto Varas');
INSERT INTO comunas (com_id, pro_id, com_nombre) values (216, 33, 'Castro');
INSERT INTO comunas (com_id, pro_id, com_nombre) values (217, 33, 'Ancud');
INSERT INTO comunas (com_id, pro_id, com_nombre) values (218, 33, 'Chonchi');
INSERT INTO comunas (com_id, pro_id, com_nombre) values (219, 33, 'Curaco de Vélez');
INSERT INTO comunas (com_id, pro_id, com_nombre) values (220, 33, 'Dalcahue');
INSERT INTO comunas (com_id, pro_id, com_nombre) values (221, 33, 'Puqueldón');
INSERT INTO comunas (com_id, pro_id, com_nombre) values (222, 33, 'Queilén');
INSERT INTO comunas (com_id, pro_id, com_nombre) values (223, 33, 'Quellón');
INSERT INTO comunas (com_id, pro_id, com_nombre) values (224, 33, 'Quemchi');
INSERT INTO comunas (com_id, pro_id, com_nombre) values (225, 33, 'Quinchao');
INSERT INTO comunas (com_id, pro_id, com_nombre) values (226, 34, 'Osorno');
INSERT INTO comunas (com_id, pro_id, com_nombre) values (227, 34, 'Puerto Octay');
INSERT INTO comunas (com_id, pro_id, com_nombre) values (228, 34, 'Purranque');
INSERT INTO comunas (com_id, pro_id, com_nombre) values (229, 34, 'Puyehue');
INSERT INTO comunas (com_id, pro_id, com_nombre) values (230, 34, 'Río Negro');
INSERT INTO comunas (com_id, pro_id, com_nombre) values (231, 34, 'San Juan de La Costa');
INSERT INTO comunas (com_id, pro_id, com_nombre) values (232, 34, 'San Pablo');
INSERT INTO comunas (com_id, pro_id, com_nombre) values (233, 35, 'Chaitén');
INSERT INTO comunas (com_id, pro_id, com_nombre) values (234, 35, 'Futaleufú');
INSERT INTO comunas (com_id, pro_id, com_nombre) values (235, 35, 'Hualaihué');
INSERT INTO comunas (com_id, pro_id, com_nombre) values (236, 35, 'Palena');
INSERT INTO comunas (com_id, pro_id, com_nombre) values (237, 36, 'Coyhaique');
INSERT INTO comunas (com_id, pro_id, com_nombre) values (238, 36, 'Lago Verde');
INSERT INTO comunas (com_id, pro_id, com_nombre) values (239, 37, 'Aisén');
INSERT INTO comunas (com_id, pro_id, com_nombre) values (240, 37, 'Cisnes');
INSERT INTO comunas (com_id, pro_id, com_nombre) values (241, 37, 'Guaitecas');
INSERT INTO comunas (com_id, pro_id, com_nombre) values (242, 38, 'Cochrane');
INSERT INTO comunas (com_id, pro_id, com_nombre) values (243, 38, 'Ohiggins');
INSERT INTO comunas (com_id, pro_id, com_nombre) values (244, 38, 'Tortel');
INSERT INTO comunas (com_id, pro_id, com_nombre) values (245, 39, 'Chile Chico');
INSERT INTO comunas (com_id, pro_id, com_nombre) values (246, 39, 'Río Ibañez');
INSERT INTO comunas (com_id, pro_id, com_nombre) values (247, 40, 'Punta Arenas');
INSERT INTO comunas (com_id, pro_id, com_nombre) values (248, 40, 'Laguna Blanca');
INSERT INTO comunas (com_id, pro_id, com_nombre) values (249, 40, 'Río Verde');
INSERT INTO comunas (com_id, pro_id, com_nombre) values (250, 40, 'San Gregorio');
INSERT INTO comunas (com_id, pro_id, com_nombre) values (251, 41, 'Cabo de Hornos');
INSERT INTO comunas (com_id, pro_id, com_nombre) values (252, 41, 'Antártica');
INSERT INTO comunas (com_id, pro_id, com_nombre) values (253, 42, 'Porvenir');
INSERT INTO comunas (com_id, pro_id, com_nombre) values (254, 42, 'Primavera');
INSERT INTO comunas (com_id, pro_id, com_nombre) values (255, 42, 'Timaukel');
INSERT INTO comunas (com_id, pro_id, com_nombre) values (256, 43, 'Natales');
INSERT INTO comunas (com_id, pro_id, com_nombre) values (257, 43, 'Torres de Paine');
INSERT INTO comunas (com_id, pro_id, com_nombre) values (258, 44, 'Santiago');
INSERT INTO comunas (com_id, pro_id, com_nombre) values (259, 44, 'Cerrillos');
INSERT INTO comunas (com_id, pro_id, com_nombre) values (260, 44, 'Cerro Navia');
INSERT INTO comunas (com_id, pro_id, com_nombre) values (261, 44, 'Conchalí');
INSERT INTO comunas (com_id, pro_id, com_nombre) values (262, 44, 'El Bosque');
INSERT INTO comunas (com_id, pro_id, com_nombre) values (263, 44, 'Estación Central');
INSERT INTO comunas (com_id, pro_id, com_nombre) values (264, 44, 'Huechuraba');
INSERT INTO comunas (com_id, pro_id, com_nombre) values (265, 44, 'Independencia');
INSERT INTO comunas (com_id, pro_id, com_nombre) values (266, 44, 'La Cisterna');
INSERT INTO comunas (com_id, pro_id, com_nombre) values (267, 44, 'La Florida');
INSERT INTO comunas (com_id, pro_id, com_nombre) values (268, 44, 'La Granja');
INSERT INTO comunas (com_id, pro_id, com_nombre) values (269, 44, 'La Pintana');
INSERT INTO comunas (com_id, pro_id, com_nombre) values (270, 44, 'La Reina');
INSERT INTO comunas (com_id, pro_id, com_nombre) values (271, 44, 'Las Condes');
INSERT INTO comunas (com_id, pro_id, com_nombre) values (272, 44, 'Lo Barnechea');
INSERT INTO comunas (com_id, pro_id, com_nombre) values (273, 44, 'Lo Espejo');
INSERT INTO comunas (com_id, pro_id, com_nombre) values (274, 44, 'Lo Prado');
INSERT INTO comunas (com_id, pro_id, com_nombre) values (275, 44, 'Macúl');
INSERT INTO comunas (com_id, pro_id, com_nombre) values (276, 44, 'Maipú');
INSERT INTO comunas (com_id, pro_id, com_nombre) values (277, 44, 'Ñuñoa');
INSERT INTO comunas (com_id, pro_id, com_nombre) values (278, 44, 'Pedro Aguirre Cerda');
INSERT INTO comunas (com_id, pro_id, com_nombre) values (279, 44, 'Peñalolen');
INSERT INTO comunas (com_id, pro_id, com_nombre) values (280, 44, 'Providencia');
INSERT INTO comunas (com_id, pro_id, com_nombre) values (281, 44, 'Pudahuel');
INSERT INTO comunas (com_id, pro_id, com_nombre) values (282, 44, 'Quilicura');
INSERT INTO comunas (com_id, pro_id, com_nombre) values (283, 44, 'Quinta Normal');
INSERT INTO comunas (com_id, pro_id, com_nombre) values (284, 44, 'Recoleta');
INSERT INTO comunas (com_id, pro_id, com_nombre) values (285, 44, 'Renca');
INSERT INTO comunas (com_id, pro_id, com_nombre) values (286, 44, 'San Joaquín');
INSERT INTO comunas (com_id, pro_id, com_nombre) values (287, 44, 'San Miguel');
INSERT INTO comunas (com_id, pro_id, com_nombre) values (288, 44, 'San Ramón');
INSERT INTO comunas (com_id, pro_id, com_nombre) values (289, 44, 'Vitacura');
INSERT INTO comunas (com_id, pro_id, com_nombre) values (290, 45, 'Puente Alto');
INSERT INTO comunas (com_id, pro_id, com_nombre) values (291, 45, 'Pirque');
INSERT INTO comunas (com_id, pro_id, com_nombre) values (292, 45, 'San José de Maipo');
INSERT INTO comunas (com_id, pro_id, com_nombre) values (293, 46, 'Colina');
INSERT INTO comunas (com_id, pro_id, com_nombre) values (294, 46, 'Lampa');
INSERT INTO comunas (com_id, pro_id, com_nombre) values (295, 46, 'Tiltil');
INSERT INTO comunas (com_id, pro_id, com_nombre) values (296, 47, 'San Bernardo');
INSERT INTO comunas (com_id, pro_id, com_nombre) values (297, 47, 'Buin');
INSERT INTO comunas (com_id, pro_id, com_nombre) values (298, 47, 'Calera de Tango');
INSERT INTO comunas (com_id, pro_id, com_nombre) values (299, 47, 'Paine');
INSERT INTO comunas (com_id, pro_id, com_nombre) values (300, 48, 'Melipilla');
INSERT INTO comunas (com_id, pro_id, com_nombre) values (301, 48, 'Alhue');
INSERT INTO comunas (com_id, pro_id, com_nombre) values (302, 48, 'Curacaví');
INSERT INTO comunas (com_id, pro_id, com_nombre) values (303, 48, 'María Pinto');
INSERT INTO comunas (com_id, pro_id, com_nombre) values (304, 48, 'San Pedro');
INSERT INTO comunas (com_id, pro_id, com_nombre) values (305, 49, 'Talagante');
INSERT INTO comunas (com_id, pro_id, com_nombre) values (306, 49, 'El Monte');
INSERT INTO comunas (com_id, pro_id, com_nombre) values (307, 49, 'Isla de Maipo');
INSERT INTO comunas (com_id, pro_id, com_nombre) values (308, 49, 'Padre Hurtado');
INSERT INTO comunas (com_id, pro_id, com_nombre) values (309, 49, 'Peñaflor');
INSERT INTO comunas (com_id, pro_id, com_nombre) values (310, 50, 'Valdivia');
INSERT INTO comunas (com_id, pro_id, com_nombre) values (311, 50, 'Corral');
INSERT INTO comunas (com_id, pro_id, com_nombre) values (312, 50, 'Lanco');
INSERT INTO comunas (com_id, pro_id, com_nombre) values (313, 50, 'Los Lagos');
INSERT INTO comunas (com_id, pro_id, com_nombre) values (314, 50, 'Máfil');
INSERT INTO comunas (com_id, pro_id, com_nombre) values (315, 50, 'Mariquina');
INSERT INTO comunas (com_id, pro_id, com_nombre) values (316, 50, 'Paillaco');
INSERT INTO comunas (com_id, pro_id, com_nombre) values (317, 50, 'Panguipulli');
INSERT INTO comunas (com_id, pro_id, com_nombre) values (318, 51, 'La Unión');
INSERT INTO comunas (com_id, pro_id, com_nombre) values (319, 51, 'Futrono');
INSERT INTO comunas (com_id, pro_id, com_nombre) values (320, 51, 'Lago Ranco');
INSERT INTO comunas (com_id, pro_id, com_nombre) values (321, 51, 'Río Bueno');
INSERT INTO comunas (com_id, pro_id, com_nombre) values (322, 52, 'General Lagos');
INSERT INTO comunas (com_id, pro_id, com_nombre) values (323, 52, 'Putre');
INSERT INTO comunas (com_id, pro_id, com_nombre) values (324, 53, 'Arica');
INSERT INTO comunas (com_id, pro_id, com_nombre) values (325, 53, 'Camarones');
INSERT INTO comunas (com_id, pro_id, com_nombre) values (326, 54, 'Chillán');
INSERT INTO comunas (com_id, pro_id, com_nombre) values (327, 54, 'Chillán Viejo');
INSERT INTO comunas (com_id, pro_id, com_nombre) values (328, 54, 'El Carmen');
INSERT INTO comunas (com_id, pro_id, com_nombre) values (329, 54, 'Pinto');
INSERT INTO comunas (com_id, pro_id, com_nombre) values (330, 54, 'Quillón');
INSERT INTO comunas (com_id, pro_id, com_nombre) values (331, 54, 'Bulnes');
INSERT INTO comunas (com_id, pro_id, com_nombre) values (332, 54, 'San Ignacio');
INSERT INTO comunas (com_id, pro_id, com_nombre) values (333, 54, 'Pemuco');
INSERT INTO comunas (com_id, pro_id, com_nombre) values (334, 54, 'Yungay');
INSERT INTO comunas (com_id, pro_id, com_nombre) values (335, 55, 'Cobquecura');
INSERT INTO comunas (com_id, pro_id, com_nombre) values (336, 55, 'Quirihue');
INSERT INTO comunas (com_id, pro_id, com_nombre) values (337, 55, 'Ninhue');
INSERT INTO comunas (com_id, pro_id, com_nombre) values (338, 55, 'Treguaco');
INSERT INTO comunas (com_id, pro_id, com_nombre) values (339, 55, 'Portezuelo');
INSERT INTO comunas (com_id, pro_id, com_nombre) values (340, 55, 'Coelemu');
INSERT INTO comunas (com_id, pro_id, com_nombre) values (341, 55, 'Ranquil');
INSERT INTO comunas (com_id, pro_id, com_nombre) values (342, 56, 'San Carlos');
INSERT INTO comunas (com_id, pro_id, com_nombre) values (343, 56, 'Ñiquén');
INSERT INTO comunas (com_id, pro_id, com_nombre) values (344, 56, 'San Fabián');
INSERT INTO comunas (com_id, pro_id, com_nombre) values (345, 56, 'San Nicolás');
INSERT INTO comunas (com_id, pro_id, com_nombre) values (346, 56, 'Coihueco');