CREATE TABLE regiones (
	reg_id INT NOT NULL AUTO_INCREMENT,
	reg_numero_region INT NOT NULL,
	reg_nombre VARCHAR(100) NOT NULL,
	reg_cod_region VARCHAR(5) NULL,
	PRIMARY KEY(reg_id));

CREATE TABLE provincias (
	pro_id INT NOT NULL AUTO_INCREMENT,
	reg_id INT NOT NULL,
	pro_nombre VARCHAR(100) NOT NULL,
	pro_cod_provincia VARCHAR(5) NULL,
	PRIMARY KEY(pro_id));

CREATE TABLE comunas (
	com_id INT NOT NULL AUTO_INCREMENT,
	pro_id INT NOT NULL,
	com_nombre VARCHAR(100) NOT NULL,
	com_conara_sii INT NULL,
	com_cod_tesoreria INT NULL,
	com_cod_comuna VARCHAR(5) NULL,
	PRIMARY KEY(com_id));

ALTER TABLE provincias
ADD CONSTRAINT fk_provincia_region
FOREIGN KEY (reg_id) REFERENCES regiones(reg_id); 

ALTER TABLE comunas
ADD CONSTRAINT fk_comuna_provincia
FOREIGN KEY (pro_id) REFERENCES provincias(pro_id); 

INSERT INTO regiones (reg_id, reg_numero_region, reg_nombre, reg_cod_region) VALUES(1, 1, 'Región de Tarapacá', '01');
INSERT INTO regiones (reg_id, reg_numero_region, reg_nombre, reg_cod_region) VALUES(2, 2, 'Región de Antofagasta', '02');
INSERT INTO regiones (reg_id, reg_numero_region, reg_nombre, reg_cod_region) VALUES(3, 3, 'Región de Atacama', '03');
INSERT INTO regiones (reg_id, reg_numero_region, reg_nombre, reg_cod_region) VALUES(4, 4, 'Región de Coquimbo', '04');
INSERT INTO regiones (reg_id, reg_numero_region, reg_nombre, reg_cod_region) VALUES(5, 5, 'Región de Valparaíso', '05');
INSERT INTO regiones (reg_id, reg_numero_region, reg_nombre, reg_cod_region) VALUES(6, 6, 'Región de Ohiggins', '06');
INSERT INTO regiones (reg_id, reg_numero_region, reg_nombre, reg_cod_region) VALUES(7, 7, 'Región del Maule', '07');
INSERT INTO regiones (reg_id, reg_numero_region, reg_nombre, reg_cod_region) VALUES(8, 8, 'Región del Bío-Bío', '08');
INSERT INTO regiones (reg_id, reg_numero_region, reg_nombre, reg_cod_region) VALUES(9, 9, 'Región de La Araucanía', '09');
INSERT INTO regiones (reg_id, reg_numero_region, reg_nombre, reg_cod_region) VALUES(10, 10, 'Región de Los Lagos', '10');
INSERT INTO regiones (reg_id, reg_numero_region, reg_nombre, reg_cod_region) VALUES(11, 11, 'Región de Aysén', '11');
INSERT INTO regiones (reg_id, reg_numero_region, reg_nombre, reg_cod_region) VALUES(12, 12, 'Región de Magallanes', '12');
INSERT INTO regiones (reg_id, reg_numero_region, reg_nombre, reg_cod_region) VALUES(13, 13, 'Región Metropolitana', '13');
INSERT INTO regiones (reg_id, reg_numero_region, reg_nombre, reg_cod_region) VALUES(14, 14, 'Región de Los Ríos', '14');
INSERT INTO regiones (reg_id, reg_numero_region, reg_nombre, reg_cod_region) VALUES(15, 15, 'Región de Arica y Parinacota', '15');
INSERT INTO regiones (reg_id, reg_numero_region, reg_nombre, reg_cod_region) VALUES(16, 16, 'Región de Ñuble', '16');

INSERT INTO provincias (pro_id, reg_id, pro_nombre, pro_cod_provincia) VALUES (37, 11, 'Aisén', '112');
INSERT INTO provincias (pro_id, reg_id, pro_nombre, pro_cod_provincia) VALUES (41, 12, 'Antártica Chilena', '122');
INSERT INTO provincias (pro_id, reg_id, pro_nombre, pro_cod_provincia) VALUES (3, 2, 'Antofagasta', '021');
INSERT INTO provincias (pro_id, reg_id, pro_nombre, pro_cod_provincia) VALUES (28, 8, 'Arauco', '082');
INSERT INTO provincias (pro_id, reg_id, pro_nombre, pro_cod_provincia) VALUES (53, 15, 'Arica', '151');
INSERT INTO provincias (pro_id, reg_id, pro_nombre, pro_cod_provincia) VALUES (29, 8, 'Bío Bío', '083');
INSERT INTO provincias (pro_id, reg_id, pro_nombre, pro_cod_provincia) VALUES (20, 6, 'Cachapoal', '061');
INSERT INTO provincias (pro_id, reg_id, pro_nombre, pro_cod_provincia) VALUES (38, 11, 'Capitán Prat', '113');
INSERT INTO provincias (pro_id, reg_id, pro_nombre, pro_cod_provincia) VALUES (21, 6, 'Cardenal Caro', '062');
INSERT INTO provincias (pro_id, reg_id, pro_nombre, pro_cod_provincia) VALUES (24, 7, 'Cauquenes', '072');
INSERT INTO provincias (pro_id, reg_id, pro_nombre, pro_cod_provincia) VALUES (30, 9, 'Cautín', '091');
INSERT INTO provincias (pro_id, reg_id, pro_nombre, pro_cod_provincia) VALUES (46, 13, 'Chacabuco', '133');
INSERT INTO provincias (pro_id, reg_id, pro_nombre, pro_cod_provincia) VALUES (7, 3, 'Chañaral', '032');
INSERT INTO provincias (pro_id, reg_id, pro_nombre, pro_cod_provincia) VALUES (33, 10, 'Chiloé', '102');
INSERT INTO provincias (pro_id, reg_id, pro_nombre, pro_cod_provincia) VALUES (10, 4, 'Choapa', '042');
INSERT INTO provincias (pro_id, reg_id, pro_nombre, pro_cod_provincia) VALUES (36, 11, 'Coihaique', '111');
INSERT INTO provincias (pro_id, reg_id, pro_nombre, pro_cod_provincia) VALUES (22, 6, 'Colchagua', '063');
INSERT INTO provincias (pro_id, reg_id, pro_nombre, pro_cod_provincia) VALUES (27, 8, 'Concepción', '081');
INSERT INTO provincias (pro_id, reg_id, pro_nombre, pro_cod_provincia) VALUES (6, 3, 'Copiapó', '031');
INSERT INTO provincias (pro_id, reg_id, pro_nombre, pro_cod_provincia) VALUES (45, 13, 'Cordillera', '132');
INSERT INTO provincias (pro_id, reg_id, pro_nombre, pro_cod_provincia) VALUES (25, 7, 'Curicó', '073');
INSERT INTO provincias (pro_id, reg_id, pro_nombre, pro_cod_provincia) VALUES (54, 16, 'Diguillín', '161');
INSERT INTO provincias (pro_id, reg_id, pro_nombre, pro_cod_provincia) VALUES (4, 2, 'El Loa', '022');
INSERT INTO provincias (pro_id, reg_id, pro_nombre, pro_cod_provincia) VALUES (9, 4, 'Elqui', '041');
INSERT INTO provincias (pro_id, reg_id, pro_nombre, pro_cod_provincia) VALUES (39, 11, 'General Carrera', '114');
INSERT INTO provincias (pro_id, reg_id, pro_nombre, pro_cod_provincia) VALUES (8, 3, 'Huasco', '033');
INSERT INTO provincias (pro_id, reg_id, pro_nombre, pro_cod_provincia) VALUES (1, 1, 'Iquique', '011');
INSERT INTO provincias (pro_id, reg_id, pro_nombre, pro_cod_provincia) VALUES (13, 5, 'Isla de Pascua', '052');
INSERT INTO provincias (pro_id, reg_id, pro_nombre, pro_cod_provincia) VALUES (55, 16, 'Itata', '162');
INSERT INTO provincias (pro_id, reg_id, pro_nombre, pro_cod_provincia) VALUES (11, 4, 'Limarí', '043');
INSERT INTO provincias (pro_id, reg_id, pro_nombre, pro_cod_provincia) VALUES (26, 7, 'Linares', '074');
INSERT INTO provincias (pro_id, reg_id, pro_nombre, pro_cod_provincia) VALUES (32, 10, 'Llanquihue', '101');
INSERT INTO provincias (pro_id, reg_id, pro_nombre, pro_cod_provincia) VALUES (14, 5, 'Los Andes', '053');
INSERT INTO provincias (pro_id, reg_id, pro_nombre, pro_cod_provincia) VALUES (40, 12, 'Magallanes', '121');
INSERT INTO provincias (pro_id, reg_id, pro_nombre, pro_cod_provincia) VALUES (47, 13, 'Maipo', '134');
INSERT INTO provincias (pro_id, reg_id, pro_nombre, pro_cod_provincia) VALUES (31, 9, 'Malleco', '092');
INSERT INTO provincias (pro_id, reg_id, pro_nombre, pro_cod_provincia) VALUES (19, 5, 'Marga Marga', '058');
INSERT INTO provincias (pro_id, reg_id, pro_nombre, pro_cod_provincia) VALUES (48, 13, 'Melipilla', '135');
INSERT INTO provincias (pro_id, reg_id, pro_nombre, pro_cod_provincia) VALUES (34, 10, 'Osorno', '103');
INSERT INTO provincias (pro_id, reg_id, pro_nombre, pro_cod_provincia) VALUES (35, 10, 'Palena', '104');
INSERT INTO provincias (pro_id, reg_id, pro_nombre, pro_cod_provincia) VALUES (52, 15, 'Parinacota', '152');
INSERT INTO provincias (pro_id, reg_id, pro_nombre, pro_cod_provincia) VALUES (15, 5, 'Petorca', '054');
INSERT INTO provincias (pro_id, reg_id, pro_nombre, pro_cod_provincia) VALUES (56, 16, 'Punilla', '163');
INSERT INTO provincias (pro_id, reg_id, pro_nombre, pro_cod_provincia) VALUES (16, 5, 'Quillota', '055');
INSERT INTO provincias (pro_id, reg_id, pro_nombre, pro_cod_provincia) VALUES (51, 14, 'Ranco', '142');
INSERT INTO provincias (pro_id, reg_id, pro_nombre, pro_cod_provincia) VALUES (17, 5, 'San Antonio', '056');
INSERT INTO provincias (pro_id, reg_id, pro_nombre, pro_cod_provincia) VALUES (18, 5, 'San Felipe de Aconcagua', '057');
INSERT INTO provincias (pro_id, reg_id, pro_nombre, pro_cod_provincia) VALUES (44, 13, 'Santiago', '131');
INSERT INTO provincias (pro_id, reg_id, pro_nombre, pro_cod_provincia) VALUES (49, 13, 'Talagante', '136');
INSERT INTO provincias (pro_id, reg_id, pro_nombre, pro_cod_provincia) VALUES (23, 7, 'Talca', '071');
INSERT INTO provincias (pro_id, reg_id, pro_nombre, pro_cod_provincia) VALUES (2, 1, 'Tamarugal', '014');
INSERT INTO provincias (pro_id, reg_id, pro_nombre, pro_cod_provincia) VALUES (42, 12, 'Tierra del Fuego', '123');
INSERT INTO provincias (pro_id, reg_id, pro_nombre, pro_cod_provincia) VALUES (5, 2, 'Tocopilla', '023');
INSERT INTO provincias (pro_id, reg_id, pro_nombre, pro_cod_provincia) VALUES (43, 12, 'Última Esperanza', '124');
INSERT INTO provincias (pro_id, reg_id, pro_nombre, pro_cod_provincia) VALUES (50, 14, 'Valdivia', '141');
INSERT INTO provincias (pro_id, reg_id, pro_nombre, pro_cod_provincia) VALUES (12, 5, 'Valparaíso', '051');

INSERT INTO comunas (com_id, pro_id, com_nombre, com_conara_sii, com_cod_tesoreria, com_cod_comuna) values (1, 1, 'Iquique', 1201, 2, '01101');
INSERT INTO comunas (com_id, pro_id, com_nombre, com_conara_sii, com_cod_tesoreria, com_cod_comuna) values (2, 1, 'Alto Hospicio', 1211, 347, '01107');
INSERT INTO comunas (com_id, pro_id, com_nombre, com_conara_sii, com_cod_tesoreria, com_cod_comuna) values (3, 2, 'Pozo Almonte', 12302, 317, '01401');
INSERT INTO comunas (com_id, pro_id, com_nombre, com_conara_sii, com_cod_tesoreria, com_cod_comuna) values (4, 2, 'Camiña', 1208, 296, '01402');
INSERT INTO comunas (com_id, pro_id, com_nombre, com_conara_sii, com_cod_tesoreria, com_cod_comuna) values (5, 2, 'Colchane', 1210, 297, '01403');
INSERT INTO comunas (com_id, pro_id, com_nombre, com_conara_sii, com_cod_tesoreria, com_cod_comuna) values (6, 2, 'Huara', 1206, 3, '01404');
INSERT INTO comunas (com_id, pro_id, com_nombre, com_conara_sii, com_cod_tesoreria, com_cod_comuna) values (7, 2, 'Pica', 6111, 118, '01405');
INSERT INTO comunas (com_id, pro_id, com_nombre, com_conara_sii, com_cod_tesoreria, com_cod_comuna) values (8, 3, 'Antofagasta', 2201, 7, '02101');
INSERT INTO comunas (com_id, pro_id, com_nombre, com_conara_sii, com_cod_tesoreria, com_cod_comuna) values (9, 3, 'Sierra Gorda', 2206, 299, '02103');
INSERT INTO comunas (com_id, pro_id, com_nombre, com_conara_sii, com_cod_tesoreria, com_cod_comuna) values (10, 3, 'Mejillones', 2203, 8, '02102');
INSERT INTO comunas (com_id, pro_id, com_nombre, com_conara_sii, com_cod_tesoreria, com_cod_comuna) values (11, 3, 'Taltal', 2202, 9, '02104');
INSERT INTO comunas (com_id, pro_id, com_nombre, com_conara_sii, com_cod_tesoreria, com_cod_comuna) values (12, 4, 'Calama', 2301, 10, '02201');
INSERT INTO comunas (com_id, pro_id, com_nombre, com_conara_sii, com_cod_tesoreria, com_cod_comuna) values (13, 4, 'Ollagüe', 5507, 54, '02202');
INSERT INTO comunas (com_id, pro_id, com_nombre, com_conara_sii, com_cod_tesoreria, com_cod_comuna) values (14, 4, 'San Pedro de Atacama', 2303, 301, '02203');
INSERT INTO comunas (com_id, pro_id, com_nombre, com_conara_sii, com_cod_tesoreria, com_cod_comuna) values (15, 5, 'Tocopilla', 2101, 6, '02301');
INSERT INTO comunas (com_id, pro_id, com_nombre, com_conara_sii, com_cod_tesoreria, com_cod_comuna) values (16, 5, 'María Elena', 2103, 298, '02302');
INSERT INTO comunas (com_id, pro_id, com_nombre, com_conara_sii, com_cod_tesoreria, com_cod_comuna) values (17, 6, 'Copiapó', 3201, 13, '03101');
INSERT INTO comunas (com_id, pro_id, com_nombre, com_conara_sii, com_cod_tesoreria, com_cod_comuna) values (18, 6, 'Caldera', 3202, 14, '03102');
INSERT INTO comunas (com_id, pro_id, com_nombre, com_conara_sii, com_cod_tesoreria, com_cod_comuna) values (19, 6, 'Tierra Amarilla', 3203, 15, '03103');
INSERT INTO comunas (com_id, pro_id, com_nombre, com_conara_sii, com_cod_tesoreria, com_cod_comuna) values (20, 7, 'Chañaral', 3101, 11, '03201');
INSERT INTO comunas (com_id, pro_id, com_nombre, com_conara_sii, com_cod_tesoreria, com_cod_comuna) values (21, 7, 'Diego de Almagro', 3102, 12, '03202');
INSERT INTO comunas (com_id, pro_id, com_nombre, com_conara_sii, com_cod_tesoreria, com_cod_comuna) values (22, 8, 'Vallenar', 3301, 16, '03301');
INSERT INTO comunas (com_id, pro_id, com_nombre, com_conara_sii, com_cod_tesoreria, com_cod_comuna) values (23, 8, 'Alto del Carmen', 3304, 302, '03302');
INSERT INTO comunas (com_id, pro_id, com_nombre, com_conara_sii, com_cod_tesoreria, com_cod_comuna) values (24, 8, 'Freirina', 3302, 17, '03303');
INSERT INTO comunas (com_id, pro_id, com_nombre, com_conara_sii, com_cod_tesoreria, com_cod_comuna) values (25, 8, 'Huasco', 3303, 18, '03304');
INSERT INTO comunas (com_id, pro_id, com_nombre, com_conara_sii, com_cod_tesoreria, com_cod_comuna) values (26, 9, 'La Serena', 4101, 19, '04101');
INSERT INTO comunas (com_id, pro_id, com_nombre, com_conara_sii, com_cod_tesoreria, com_cod_comuna) values (27, 9, 'Coquimbo', 4103, 21, '04102');
INSERT INTO comunas (com_id, pro_id, com_nombre, com_conara_sii, com_cod_tesoreria, com_cod_comuna) values (28, 9, 'Andacollo', 4104, 22, '04103');
INSERT INTO comunas (com_id, pro_id, com_nombre, com_conara_sii, com_cod_tesoreria, com_cod_comuna) values (29, 9, 'La Higuera', 4102, 20, '04104');
INSERT INTO comunas (com_id, pro_id, com_nombre, com_conara_sii, com_cod_tesoreria, com_cod_comuna) values (30, 9, 'Paigüano', 10110, 252, '04105');
INSERT INTO comunas (com_id, pro_id, com_nombre, com_conara_sii, com_cod_tesoreria, com_cod_comuna) values (31, 9, 'Vicuña', 4105, 23, '04106');
INSERT INTO comunas (com_id, pro_id, com_nombre, com_conara_sii, com_cod_tesoreria, com_cod_comuna) values (32, 10, 'Illapel', 4301, 30, '04201');
INSERT INTO comunas (com_id, pro_id, com_nombre, com_conara_sii, com_cod_tesoreria, com_cod_comuna) values (33, 10, 'Canela', 4304, 31, '04202');
INSERT INTO comunas (com_id, pro_id, com_nombre, com_conara_sii, com_cod_tesoreria, com_cod_comuna) values (34, 10, 'Los Vilos', 4303, 33, '04203');
INSERT INTO comunas (com_id, pro_id, com_nombre, com_conara_sii, com_cod_tesoreria, com_cod_comuna) values (35, 10, 'Salamanca', 5401, 42, '04204');
INSERT INTO comunas (com_id, pro_id, com_nombre, com_conara_sii, com_cod_tesoreria, com_cod_comuna) values (36, 11, 'Ovalle', 14505, 339, '04301');
INSERT INTO comunas (com_id, pro_id, com_nombre, com_conara_sii, com_cod_tesoreria, com_cod_comuna) values (37, 11, 'Combarbalá', 4205, 29, '04302');
INSERT INTO comunas (com_id, pro_id, com_nombre, com_conara_sii, com_cod_tesoreria, com_cod_comuna) values (38, 11, 'Monte Patria', 4203, 26, '04303');
INSERT INTO comunas (com_id, pro_id, com_nombre, com_conara_sii, com_cod_tesoreria, com_cod_comuna) values (39, 11, 'Punitaqui', 12205, 290, '04304');
INSERT INTO comunas (com_id, pro_id, com_nombre, com_conara_sii, com_cod_tesoreria, com_cod_comuna) values (40, 11, 'Río Hurtado', 11203, 288, '04305');
INSERT INTO comunas (com_id, pro_id, com_nombre, com_conara_sii, com_cod_tesoreria, com_cod_comuna) values (41, 12, 'Valparaíso', 5301, 34, '05101');
INSERT INTO comunas (com_id, pro_id, com_nombre, com_conara_sii, com_cod_tesoreria, com_cod_comuna) values (42, 12, 'Casablanca', 5305, 40, '05102');
INSERT INTO comunas (com_id, pro_id, com_nombre, com_conara_sii, com_cod_tesoreria, com_cod_comuna) values (43, 12, 'Concón', 5309, 340, '05103');
INSERT INTO comunas (com_id, pro_id, com_nombre, com_conara_sii, com_cod_tesoreria, com_cod_comuna) values (44, 12, 'Juan Fernández', 5308, 321, '05104');
INSERT INTO comunas (com_id, pro_id, com_nombre, com_conara_sii, com_cod_tesoreria, com_cod_comuna) values (45, 12, 'Puchuncaví', 9216, 242, '05105');
INSERT INTO comunas (com_id, pro_id, com_nombre, com_conara_sii, com_cod_tesoreria, com_cod_comuna) values (46, 12, 'Quintero', 8104, 172, '05107');
INSERT INTO comunas (com_id, pro_id, com_nombre, com_conara_sii, com_cod_tesoreria, com_cod_comuna) values (47, 12, 'Viña del Mar', 5302, 37, '05109');
INSERT INTO comunas (com_id, pro_id, com_nombre, com_conara_sii, com_cod_tesoreria, com_cod_comuna) values (48, 13, 'Isla de Pascua', 5101, 41, '05201');
INSERT INTO comunas (com_id, pro_id, com_nombre, com_conara_sii, com_cod_tesoreria, com_cod_comuna) values (49, 14, 'Los Andes', 5701, 66, '05301');
INSERT INTO comunas (com_id, pro_id, com_nombre, com_conara_sii, com_cod_tesoreria, com_cod_comuna) values (50, 14, 'Rinconada', 10111, 253, '05303');
INSERT INTO comunas (com_id, pro_id, com_nombre, com_conara_sii, com_cod_tesoreria, com_cod_comuna) values (51, 14, 'Calle Larga', 5702, 67, '05302');
INSERT INTO comunas (com_id, pro_id, com_nombre, com_conara_sii, com_cod_tesoreria, com_cod_comuna) values (52, 14, 'San Esteban', 8111, 178, '05304');
INSERT INTO comunas (com_id, pro_id, com_nombre, com_conara_sii, com_cod_tesoreria, com_cod_comuna) values (53, 15, 'La Ligua', 5201, 59, '05401');
INSERT INTO comunas (com_id, pro_id, com_nombre, com_conara_sii, com_cod_tesoreria, com_cod_comuna) values (54, 15, 'Cabildo', 5203, 56, '05402');
INSERT INTO comunas (com_id, pro_id, com_nombre, com_conara_sii, com_cod_tesoreria, com_cod_comuna) values (55, 15, 'Papudo', 6306, 133, '05403');
INSERT INTO comunas (com_id, pro_id, com_nombre, com_conara_sii, com_cod_tesoreria, com_cod_comuna) values (56, 15, 'Petorca', 6108, 115, '05404');
INSERT INTO comunas (com_id, pro_id, com_nombre, com_conara_sii, com_cod_tesoreria, com_cod_comuna) values (57, 15, 'Zapallar', 5204, 58, '05405');
INSERT INTO comunas (com_id, pro_id, com_nombre, com_conara_sii, com_cod_tesoreria, com_cod_comuna) values (58, 16, 'Quillota', 5304, 38, '05501');
INSERT INTO comunas (com_id, pro_id, com_nombre, com_conara_sii, com_cod_tesoreria, com_cod_comuna) values (59, 16, 'Calera', 5504, 50, '05502');
INSERT INTO comunas (com_id, pro_id, com_nombre, com_conara_sii, com_cod_tesoreria, com_cod_comuna) values (60, 16, 'Hijuelas', 5503, 51, '05503');
INSERT INTO comunas (com_id, pro_id, com_nombre, com_conara_sii, com_cod_tesoreria, com_cod_comuna) values (61, 16, 'La Cruz', 5505, 49, '05504');
INSERT INTO comunas (com_id, pro_id, com_nombre, com_conara_sii, com_cod_tesoreria, com_cod_comuna) values (62, 16, 'Nogales', 9208, 234, '05506');
INSERT INTO comunas (com_id, pro_id, com_nombre, com_conara_sii, com_cod_tesoreria, com_cod_comuna) values (63, 17, 'San Antonio', 16401, 98, '05601');
INSERT INTO comunas (com_id, pro_id, com_nombre, com_conara_sii, com_cod_tesoreria, com_cod_comuna) values (64, 17, 'Algarrobo', 5406, 44, '05602');
INSERT INTO comunas (com_id, pro_id, com_nombre, com_conara_sii, com_cod_tesoreria, com_cod_comuna) values (65, 17, 'Cartagena', 5403, 46, '05603');
INSERT INTO comunas (com_id, pro_id, com_nombre, com_conara_sii, com_cod_tesoreria, com_cod_comuna) values (66, 17, 'El Quisco', 5405, 45, '05604');
INSERT INTO comunas (com_id, pro_id, com_nombre, com_conara_sii, com_cod_tesoreria, com_cod_comuna) values (67, 17, 'El Tabo', 5404, 47, '05605');
INSERT INTO comunas (com_id, pro_id, com_nombre, com_conara_sii, com_cod_tesoreria, com_cod_comuna) values (68, 17, 'Santo Domingo', 5402, 43, '05606');
INSERT INTO comunas (com_id, pro_id, com_nombre, com_conara_sii, com_cod_tesoreria, com_cod_comuna) values (69, 18, 'San Felipe', 6201, 124, '05701');
INSERT INTO comunas (com_id, pro_id, com_nombre, com_conara_sii, com_cod_tesoreria, com_cod_comuna) values (70, 18, 'Catemu', 5603, 63, '05702');
INSERT INTO comunas (com_id, pro_id, com_nombre, com_conara_sii, com_cod_tesoreria, com_cod_comuna) values (71, 18, 'Llaillay', 10306, 267, '05703');
INSERT INTO comunas (com_id, pro_id, com_nombre, com_conara_sii, com_cod_tesoreria, com_cod_comuna) values (72, 18, 'Panquehue', 5205, 57, '05704');
INSERT INTO comunas (com_id, pro_id, com_nombre, com_conara_sii, com_cod_tesoreria, com_cod_comuna) values (73, 18, 'Putaendo', 1301, 294, '05705');
INSERT INTO comunas (com_id, pro_id, com_nombre, com_conara_sii, com_cod_tesoreria, com_cod_comuna) values (74, 18, 'Santa María', 5605, 64, '05706');
INSERT INTO comunas (com_id, pro_id, com_nombre, com_conara_sii, com_cod_tesoreria, com_cod_comuna) values (75, 19, 'Quilpué', 10415, 275, '05801');
INSERT INTO comunas (com_id, pro_id, com_nombre, com_conara_sii, com_cod_tesoreria, com_cod_comuna) values (76, 19, 'Limache', 5506, 53, '05802');
INSERT INTO comunas (com_id, pro_id, com_nombre, com_conara_sii, com_cod_tesoreria, com_cod_comuna) values (77, 19, 'Olmué', 10201, 255, '05803');
INSERT INTO comunas (com_id, pro_id, com_nombre, com_conara_sii, com_cod_tesoreria, com_cod_comuna) values (78, 19, 'Villa Alemana', 5303, 39, '05804');
INSERT INTO comunas (com_id, pro_id, com_nombre, com_conara_sii, com_cod_tesoreria, com_cod_comuna) values (79, 20, 'Rancagua', 8119, 187, '06101');
INSERT INTO comunas (com_id, pro_id, com_nombre, com_conara_sii, com_cod_tesoreria, com_cod_comuna) values (80, 20, 'Codegua', 6107, 110, '06102');
INSERT INTO comunas (com_id, pro_id, com_nombre, com_conara_sii, com_cod_tesoreria, com_cod_comuna) values (81, 20, 'Coinco', 6116, 114, '06103');
INSERT INTO comunas (com_id, pro_id, com_nombre, com_conara_sii, com_cod_tesoreria, com_cod_comuna) values (82, 20, 'Coltauco', 6106, 113, '06104');
INSERT INTO comunas (com_id, pro_id, com_nombre, com_conara_sii, com_cod_tesoreria, com_cod_comuna) values (83, 20, 'Doñihue', 6105, 112, '06105');
INSERT INTO comunas (com_id, pro_id, com_nombre, com_conara_sii, com_cod_tesoreria, com_cod_comuna) values (84, 20, 'Graneros', 6103, 107, '06106');
INSERT INTO comunas (com_id, pro_id, com_nombre, com_conara_sii, com_cod_tesoreria, com_cod_comuna) values (85, 20, 'Las Cabras', 6109, 116, '06107');
INSERT INTO comunas (com_id, pro_id, com_nombre, com_conara_sii, com_cod_tesoreria, com_cod_comuna) values (86, 20, 'Machalí', 6102, 106, '06108');
INSERT INTO comunas (com_id, pro_id, com_nombre, com_conara_sii, com_cod_tesoreria, com_cod_comuna) values (87, 20, 'Malloa', 6115, 122, '06109');
INSERT INTO comunas (com_id, pro_id, com_nombre, com_conara_sii, com_cod_tesoreria, com_cod_comuna) values (88, 20, 'Mostazal', 8407, 214, '06110');
INSERT INTO comunas (com_id, pro_id, com_nombre, com_conara_sii, com_cod_tesoreria, com_cod_comuna) values (89, 20, 'Olivar', 2302, 300, '06111');
INSERT INTO comunas (com_id, pro_id, com_nombre, com_conara_sii, com_cod_tesoreria, com_cod_comuna) values (90, 20, 'Peumo', 1203, 4, '06112');
INSERT INTO comunas (com_id, pro_id, com_nombre, com_conara_sii, com_cod_tesoreria, com_cod_comuna) values (91, 20, 'Pichidegua', 6301, 137, '06113');
INSERT INTO comunas (com_id, pro_id, com_nombre, com_conara_sii, com_cod_tesoreria, com_cod_comuna) values (92, 20, 'Quinta de Tilcoco', 14107, 81, '06114');
INSERT INTO comunas (com_id, pro_id, com_nombre, com_conara_sii, com_cod_tesoreria, com_cod_comuna) values (93, 20, 'Rengo', 6113, 119, '06115');
INSERT INTO comunas (com_id, pro_id, com_nombre, com_conara_sii, com_cod_tesoreria, com_cod_comuna) values (94, 20, 'Requínoa', 7306, 165, '06116');
INSERT INTO comunas (com_id, pro_id, com_nombre, com_conara_sii, com_cod_tesoreria, com_cod_comuna) values (95, 20, 'San Vicente', 6110, 117, '06117');
INSERT INTO comunas (com_id, pro_id, com_nombre, com_conara_sii, com_cod_tesoreria, com_cod_comuna) values (96, 21, 'Pichilemu', 8102, 169, '06201');
INSERT INTO comunas (com_id, pro_id, com_nombre, com_conara_sii, com_cod_tesoreria, com_cod_comuna) values (97, 21, 'La Estrella', 6304, 139, '06202');
INSERT INTO comunas (com_id, pro_id, com_nombre, com_conara_sii, com_cod_tesoreria, com_cod_comuna) values (98, 21, 'Litueche', 6303, 136, '06203');
INSERT INTO comunas (com_id, pro_id, com_nombre, com_conara_sii, com_cod_tesoreria, com_cod_comuna) values (99, 21, 'Marchihue', 6305, 134, '06204');
INSERT INTO comunas (com_id, pro_id, com_nombre, com_conara_sii, com_cod_tesoreria, com_cod_comuna) values (100, 21, 'Navidad', 8406, 213, '06205');
INSERT INTO comunas (com_id, pro_id, com_nombre, com_conara_sii, com_cod_tesoreria, com_cod_comuna) values (101, 21, 'Paredones', 7305, 164, '06206');
INSERT INTO comunas (com_id, pro_id, com_nombre, com_conara_sii, com_cod_tesoreria, com_cod_comuna) values (102, 22, 'San Fernando', 6104, 111, '06301');
INSERT INTO comunas (com_id, pro_id, com_nombre, com_conara_sii, com_cod_tesoreria, com_cod_comuna) values (103, 22, 'Chépica', 6209, 132, '06302');
INSERT INTO comunas (com_id, pro_id, com_nombre, com_conara_sii, com_cod_tesoreria, com_cod_comuna) values (104, 22, 'Chimbarongo', 6202, 125, '06303');
INSERT INTO comunas (com_id, pro_id, com_nombre, com_conara_sii, com_cod_tesoreria, com_cod_comuna) values (105, 22, 'Lolol', 6206, 129, '06304');
INSERT INTO comunas (com_id, pro_id, com_nombre, com_conara_sii, com_cod_tesoreria, com_cod_comuna) values (106, 22, 'Nancagua', 12101, 291, '06305');
INSERT INTO comunas (com_id, pro_id, com_nombre, com_conara_sii, com_cod_tesoreria, com_cod_comuna) values (107, 22, 'Palmilla', 10108, 250, '06306');
INSERT INTO comunas (com_id, pro_id, com_nombre, com_conara_sii, com_cod_tesoreria, com_cod_comuna) values (108, 22, 'Peralillo', 9206, 233, '06307');
INSERT INTO comunas (com_id, pro_id, com_nombre, com_conara_sii, com_cod_tesoreria, com_cod_comuna) values (109, 22, 'Placilla', 8106, 171, '06308');
INSERT INTO comunas (com_id, pro_id, com_nombre, com_conara_sii, com_cod_tesoreria, com_cod_comuna) values (110, 22, 'Pumanque', 4204, 27, '06309');
INSERT INTO comunas (com_id, pro_id, com_nombre, com_conara_sii, com_cod_tesoreria, com_cod_comuna) values (111, 22, 'Santa Cruz', 6205, 128, '06310');
INSERT INTO comunas (com_id, pro_id, com_nombre, com_conara_sii, com_cod_tesoreria, com_cod_comuna) values (112, 23, 'Talca', 7201, 150, '07101');
INSERT INTO comunas (com_id, pro_id, com_nombre, com_conara_sii, com_cod_tesoreria, com_cod_comuna) values (113, 23, 'Constitución', 7208, 157, '07102');
INSERT INTO comunas (com_id, pro_id, com_nombre, com_conara_sii, com_cod_tesoreria, com_cod_comuna) values (114, 23, 'Curepto', 7207, 155, '07103');
INSERT INTO comunas (com_id, pro_id, com_nombre, com_conara_sii, com_cod_tesoreria, com_cod_comuna) values (115, 23, 'Empedrado', 7209, 158, '07104');
INSERT INTO comunas (com_id, pro_id, com_nombre, com_conara_sii, com_cod_tesoreria, com_cod_comuna) values (116, 23, 'Maule', 7206, 154, '07105');
INSERT INTO comunas (com_id, pro_id, com_nombre, com_conara_sii, com_cod_tesoreria, com_cod_comuna) values (117, 23, 'Pelarco', 7402, 320, '07106');
INSERT INTO comunas (com_id, pro_id, com_nombre, com_conara_sii, com_cod_tesoreria, com_cod_comuna) values (118, 23, 'Pencahue', 8202, 191, '07107');
INSERT INTO comunas (com_id, pro_id, com_nombre, com_conara_sii, com_cod_tesoreria, com_cod_comuna) values (119, 23, 'Río Claro', 4206, 28, '07108');
INSERT INTO comunas (com_id, pro_id, com_nombre, com_conara_sii, com_cod_tesoreria, com_cod_comuna) values (120, 23, 'San Clemente', 5703, 69, '07109');
INSERT INTO comunas (com_id, pro_id, com_nombre, com_conara_sii, com_cod_tesoreria, com_cod_comuna) values (121, 23, 'San Rafael', 7210, 341, '07110');
INSERT INTO comunas (com_id, pro_id, com_nombre, com_conara_sii, com_cod_tesoreria, com_cod_comuna) values (122, 24, 'Cauquenes', 7401, 166, '07201');
INSERT INTO comunas (com_id, pro_id, com_nombre, com_conara_sii, com_cod_tesoreria, com_cod_comuna) values (123, 24, 'Chanco', 7403, 167, '07202');
INSERT INTO comunas (com_id, pro_id, com_nombre, com_conara_sii, com_cod_tesoreria, com_cod_comuna) values (124, 24, 'Pelluhue', 8117, 184, '07203');
INSERT INTO comunas (com_id, pro_id, com_nombre, com_conara_sii, com_cod_tesoreria, com_cod_comuna) values (125, 25, 'Curicó', 7101, 140, '07301');
INSERT INTO comunas (com_id, pro_id, com_nombre, com_conara_sii, com_cod_tesoreria, com_cod_comuna) values (126, 25, 'Hualañé', 7107, 144, '07302');
INSERT INTO comunas (com_id, pro_id, com_nombre, com_conara_sii, com_cod_tesoreria, com_cod_comuna) values (127, 25, 'Licantén', 7105, 145, '07303');
INSERT INTO comunas (com_id, pro_id, com_nombre, com_conara_sii, com_cod_tesoreria, com_cod_comuna) values (128, 25, 'Molina', 7108, 147, '07304');
INSERT INTO comunas (com_id, pro_id, com_nombre, com_conara_sii, com_cod_tesoreria, com_cod_comuna) values (129, 25, 'Rauco', 13159, 329, '07305');
INSERT INTO comunas (com_id, pro_id, com_nombre, com_conara_sii, com_cod_tesoreria, com_cod_comuna) values (130, 25, 'Romeral', 9210, 236, '07306');
INSERT INTO comunas (com_id, pro_id, com_nombre, com_conara_sii, com_cod_tesoreria, com_cod_comuna) values (131, 25, 'Sagrada Familia', 4302, 32, '07307');
INSERT INTO comunas (com_id, pro_id, com_nombre, com_conara_sii, com_cod_tesoreria, com_cod_comuna) values (132, 25, 'Teno', 7102, 142, '07308');
INSERT INTO comunas (com_id, pro_id, com_nombre, com_conara_sii, com_cod_tesoreria, com_cod_comuna) values (133, 25, 'Vichuquén', 7106, 146, '07309');
INSERT INTO comunas (com_id, pro_id, com_nombre, com_conara_sii, com_cod_tesoreria, com_cod_comuna) values (134, 26, 'Linares', 7301, 159, '07401');
INSERT INTO comunas (com_id, pro_id, com_nombre, com_conara_sii, com_cod_tesoreria, com_cod_comuna) values (135, 26, 'Colbún', 7303, 161, '07402');
INSERT INTO comunas (com_id, pro_id, com_nombre, com_conara_sii, com_cod_tesoreria, com_cod_comuna) values (136, 26, 'Longaví', 7304, 162, '07403');
INSERT INTO comunas (com_id, pro_id, com_nombre, com_conara_sii, com_cod_tesoreria, com_cod_comuna) values (137, 26, 'Parral', 16162, 336, '07404');
INSERT INTO comunas (com_id, pro_id, com_nombre, com_conara_sii, com_cod_tesoreria, com_cod_comuna) values (138, 26, 'Retiro', 5704, 68, '07405');
INSERT INTO comunas (com_id, pro_id, com_nombre, com_conara_sii, com_cod_tesoreria, com_cod_comuna) values (139, 26, 'San Javier', 7310, 156, '07406');
INSERT INTO comunas (com_id, pro_id, com_nombre, com_conara_sii, com_cod_tesoreria, com_cod_comuna) values (140, 26, 'Villa Alegre', 7309, 163, '07407');
INSERT INTO comunas (com_id, pro_id, com_nombre, com_conara_sii, com_cod_tesoreria, com_cod_comuna) values (141, 26, 'Yerbas Buenas', 7302, 160, '07408');
INSERT INTO comunas (com_id, pro_id, com_nombre, com_conara_sii, com_cod_tesoreria, com_cod_comuna) values (142, 27, 'Concepción', 8201, 188, '08101');
INSERT INTO comunas (com_id, pro_id, com_nombre, com_conara_sii, com_cod_tesoreria, com_cod_comuna) values (143, 27, 'Coronel', 8207, 194, '08102');
INSERT INTO comunas (com_id, pro_id, com_nombre, com_conara_sii, com_cod_tesoreria, com_cod_comuna) values (144, 27, 'Chiguayante', 8211, 344, '08103');
INSERT INTO comunas (com_id, pro_id, com_nombre, com_conara_sii, com_cod_tesoreria, com_cod_comuna) values (145, 27, 'Florida', 8204, 193, '08104');
INSERT INTO comunas (com_id, pro_id, com_nombre, com_conara_sii, com_cod_tesoreria, com_cod_comuna) values (146, 27, 'Hualqui', 8203, 192, '08105');
INSERT INTO comunas (com_id, pro_id, com_nombre, com_conara_sii, com_cod_tesoreria, com_cod_comuna) values (147, 27, 'Lota', 8208, 195, '08106');
INSERT INTO comunas (com_id, pro_id, com_nombre, com_conara_sii, com_cod_tesoreria, com_cod_comuna) values (148, 27, 'Penco', 14504, 85, '08107');
INSERT INTO comunas (com_id, pro_id, com_nombre, com_conara_sii, com_cod_tesoreria, com_cod_comuna) values (149, 27, 'San Pedro de La Paz', 8210, 343, '08108');
INSERT INTO comunas (com_id, pro_id, com_nombre, com_conara_sii, com_cod_tesoreria, com_cod_comuna) values (150, 27, 'Santa Juana', 8209, 196, '08109');
INSERT INTO comunas (com_id, pro_id, com_nombre, com_conara_sii, com_cod_tesoreria, com_cod_comuna) values (151, 27, 'Talcahuano', 8206, 189, '08110');
INSERT INTO comunas (com_id, pro_id, com_nombre, com_conara_sii, com_cod_tesoreria, com_cod_comuna) values (152, 27, 'Tomé', 8205, 190, '08111');
INSERT INTO comunas (com_id, pro_id, com_nombre, com_conara_sii, com_cod_tesoreria, com_cod_comuna) values (153, 27, 'Hualpén', 8212, 346, '08112');
INSERT INTO comunas (com_id, pro_id, com_nombre, com_conara_sii, com_cod_tesoreria, com_cod_comuna) values (154, 28, 'Lebu', 8303, 199, '08201');
INSERT INTO comunas (com_id, pro_id, com_nombre, com_conara_sii, com_cod_tesoreria, com_cod_comuna) values (155, 28, 'Arauco', 8301, 198, '08202');
INSERT INTO comunas (com_id, pro_id, com_nombre, com_conara_sii, com_cod_tesoreria, com_cod_comuna) values (156, 28, 'Cañete', 8305, 201, '08203');
INSERT INTO comunas (com_id, pro_id, com_nombre, com_conara_sii, com_cod_tesoreria, com_cod_comuna) values (157, 28, 'Contulmo', 8306, 202, '08204');
INSERT INTO comunas (com_id, pro_id, com_nombre, com_conara_sii, com_cod_tesoreria, com_cod_comuna) values (158, 28, 'Curanilahue', 8302, 197, '08205');
INSERT INTO comunas (com_id, pro_id, com_nombre, com_conara_sii, com_cod_tesoreria, com_cod_comuna) values (159, 28, 'Los Álamos', 8304, 200, '08206');
INSERT INTO comunas (com_id, pro_id, com_nombre, com_conara_sii, com_cod_tesoreria, com_cod_comuna) values (160, 28, 'Tirúa', 8307, 203, '08207');
INSERT INTO comunas (com_id, pro_id, com_nombre, com_conara_sii, com_cod_tesoreria, com_cod_comuna) values (161, 29, 'Los Ángeles', 8401, 204, '08301');
INSERT INTO comunas (com_id, pro_id, com_nombre, com_conara_sii, com_cod_tesoreria, com_cod_comuna) values (162, 29, 'Antuco', 8413, 303, '08302');
INSERT INTO comunas (com_id, pro_id, com_nombre, com_conara_sii, com_cod_tesoreria, com_cod_comuna) values (163, 29, 'Cabrero', 8410, 208, '08303');
INSERT INTO comunas (com_id, pro_id, com_nombre, com_conara_sii, com_cod_tesoreria, com_cod_comuna) values (164, 29, 'Laja', 8403, 210, '08304');
INSERT INTO comunas (com_id, pro_id, com_nombre, com_conara_sii, com_cod_tesoreria, com_cod_comuna) values (165, 29, 'Mulchén', 8405, 212, '08305');
INSERT INTO comunas (com_id, pro_id, com_nombre, com_conara_sii, com_cod_tesoreria, com_cod_comuna) values (166, 29, 'Nacimiento', 6203, 126, '08306');
INSERT INTO comunas (com_id, pro_id, com_nombre, com_conara_sii, com_cod_tesoreria, com_cod_comuna) values (167, 29, 'Negrete', 8105, 174, '08307');
INSERT INTO comunas (com_id, pro_id, com_nombre, com_conara_sii, com_cod_tesoreria, com_cod_comuna) values (168, 29, 'Quilaco', 14114, 79, '08308');
INSERT INTO comunas (com_id, pro_id, com_nombre, com_conara_sii, com_cod_tesoreria, com_cod_comuna) values (169, 29, 'Quilleco', 8115, 182, '08309');
INSERT INTO comunas (com_id, pro_id, com_nombre, com_conara_sii, com_cod_tesoreria, com_cod_comuna) values (170, 29, 'San Rosendo', 8411, 211, '08310');
INSERT INTO comunas (com_id, pro_id, com_nombre, com_conara_sii, com_cod_tesoreria, com_cod_comuna) values (171, 29, 'Santa Bárbara', 8402, 205, '08311');
INSERT INTO comunas (com_id, pro_id, com_nombre, com_conara_sii, com_cod_tesoreria, com_cod_comuna) values (172, 29, 'Tucapel', 8412, 209, '08312');
INSERT INTO comunas (com_id, pro_id, com_nombre, com_conara_sii, com_cod_tesoreria, com_cod_comuna) values (173, 29, 'Yumbel', 8409, 207, '08313');
INSERT INTO comunas (com_id, pro_id, com_nombre, com_conara_sii, com_cod_tesoreria, com_cod_comuna) values (174, 29, 'Alto Biobío', 8414, 349, '08314');
INSERT INTO comunas (com_id, pro_id, com_nombre, com_conara_sii, com_cod_tesoreria, com_cod_comuna) values (175, 30, 'Temuco', 9201, 227, '09101');
INSERT INTO comunas (com_id, pro_id, com_nombre, com_conara_sii, com_cod_tesoreria, com_cod_comuna) values (176, 30, 'Carahue', 9209, 235, '09102');
INSERT INTO comunas (com_id, pro_id, com_nombre, com_conara_sii, com_cod_tesoreria, com_cod_comuna) values (177, 30, 'Cunco', 9204, 230, '09103');
INSERT INTO comunas (com_id, pro_id, com_nombre, com_conara_sii, com_cod_tesoreria, com_cod_comuna) values (178, 30, 'Curarrehue', 9218, 305, '09104');
INSERT INTO comunas (com_id, pro_id, com_nombre, com_conara_sii, com_cod_tesoreria, com_cod_comuna) values (179, 30, 'Freire', 9203, 229, '09105');
INSERT INTO comunas (com_id, pro_id, com_nombre, com_conara_sii, com_cod_tesoreria, com_cod_comuna) values (180, 30, 'Galvarino', 9207, 232, '09106');
INSERT INTO comunas (com_id, pro_id, com_nombre, com_conara_sii, com_cod_tesoreria, com_cod_comuna) values (181, 30, 'Gorbea', 9212, 238, '09107');
INSERT INTO comunas (com_id, pro_id, com_nombre, com_conara_sii, com_cod_tesoreria, com_cod_comuna) values (182, 30, 'Lautaro', 9205, 231, '09108');
INSERT INTO comunas (com_id, pro_id, com_nombre, com_conara_sii, com_cod_tesoreria, com_cod_comuna) values (183, 30, 'Loncoche', 9214, 240, '09109');
INSERT INTO comunas (com_id, pro_id, com_nombre, com_conara_sii, com_cod_tesoreria, com_cod_comuna) values (184, 30, 'Nueva Imperial', 8110, 177, '09111');
INSERT INTO comunas (com_id, pro_id, com_nombre, com_conara_sii, com_cod_tesoreria, com_cod_comuna) values (185, 30, 'Melipeuco', 9217, 304, '09110');
INSERT INTO comunas (com_id, pro_id, com_nombre, com_conara_sii, com_cod_tesoreria, com_cod_comuna) values (186, 30, 'Padre Las Casas', 4106, 24, '09112');
INSERT INTO comunas (com_id, pro_id, com_nombre, com_conara_sii, com_cod_tesoreria, com_cod_comuna) values (187, 30, 'Perquenco', 5202, 55, '09113');
INSERT INTO comunas (com_id, pro_id, com_nombre, com_conara_sii, com_cod_tesoreria, com_cod_comuna) values (188, 30, 'Pitrufquén', 6204, 127, '09114');
INSERT INTO comunas (com_id, pro_id, com_nombre, com_conara_sii, com_cod_tesoreria, com_cod_comuna) values (189, 30, 'Pucón', 14111, 82, '09115');
INSERT INTO comunas (com_id, pro_id, com_nombre, com_conara_sii, com_cod_tesoreria, com_cod_comuna) values (190, 30, 'Saavedra', 7109, 148, '09116');
INSERT INTO comunas (com_id, pro_id, com_nombre, com_conara_sii, com_cod_tesoreria, com_cod_comuna) values (191, 30, 'Teodoro Schmidt', 9219, 306, '09117');
INSERT INTO comunas (com_id, pro_id, com_nombre, com_conara_sii, com_cod_tesoreria, com_cod_comuna) values (192, 30, 'Toltén', 9213, 239, '09118');
INSERT INTO comunas (com_id, pro_id, com_nombre, com_conara_sii, com_cod_tesoreria, com_cod_comuna) values (193, 30, 'Vilcún', 9202, 228, '09119');
INSERT INTO comunas (com_id, pro_id, com_nombre, com_conara_sii, com_cod_tesoreria, com_cod_comuna) values (194, 30, 'Villarrica', 9215, 241, '09120');
INSERT INTO comunas (com_id, pro_id, com_nombre, com_conara_sii, com_cod_tesoreria, com_cod_comuna) values (195, 30, 'Cholchol', 9221, 348, '09121');
INSERT INTO comunas (com_id, pro_id, com_nombre, com_conara_sii, com_cod_tesoreria, com_cod_comuna) values (196, 31, 'Angol', 9101, 216, '09201');
INSERT INTO comunas (com_id, pro_id, com_nombre, com_conara_sii, com_cod_tesoreria, com_cod_comuna) values (197, 31, 'Collipulli', 9105, 220, '09202');
INSERT INTO comunas (com_id, pro_id, com_nombre, com_conara_sii, com_cod_tesoreria, com_cod_comuna) values (198, 31, 'Curacautín', 9110, 225, '09203');
INSERT INTO comunas (com_id, pro_id, com_nombre, com_conara_sii, com_cod_tesoreria, com_cod_comuna) values (199, 31, 'Ercilla', 9106, 221, '09204');
INSERT INTO comunas (com_id, pro_id, com_nombre, com_conara_sii, com_cod_tesoreria, com_cod_comuna) values (200, 31, 'Lonquimay', 9111, 226, '09205');
INSERT INTO comunas (com_id, pro_id, com_nombre, com_conara_sii, com_cod_tesoreria, com_cod_comuna) values (201, 31, 'Los Sauces', 9103, 218, '09206');
INSERT INTO comunas (com_id, pro_id, com_nombre, com_conara_sii, com_cod_tesoreria, com_cod_comuna) values (202, 31, 'Lumaco', 9108, 223, '09207');
INSERT INTO comunas (com_id, pro_id, com_nombre, com_conara_sii, com_cod_tesoreria, com_cod_comuna) values (203, 31, 'Purén', 10206, 260, '09208');
INSERT INTO comunas (com_id, pro_id, com_nombre, com_conara_sii, com_cod_tesoreria, com_cod_comuna) values (204, 31, 'Renaico', 14113, 77, '09209');
INSERT INTO comunas (com_id, pro_id, com_nombre, com_conara_sii, com_cod_tesoreria, com_cod_comuna) values (205, 31, 'Traiguén', 9107, 222, '09210');
INSERT INTO comunas (com_id, pro_id, com_nombre, com_conara_sii, com_cod_tesoreria, com_cod_comuna) values (206, 31, 'Victoria', 9109, 224, '09211');
INSERT INTO comunas (com_id, pro_id, com_nombre, com_conara_sii, com_cod_tesoreria, com_cod_comuna) values (207, 32, 'Puerto Montt', 10203, 258, '10101');
INSERT INTO comunas (com_id, pro_id, com_nombre, com_conara_sii, com_cod_tesoreria, com_cod_comuna) values (208, 32, 'Calbuco', 10309, 265, '10102');
INSERT INTO comunas (com_id, pro_id, com_nombre, com_conara_sii, com_cod_tesoreria, com_cod_comuna) values (209, 32, 'Cochamó', 10302, 262, '10103');
INSERT INTO comunas (com_id, pro_id, com_nombre, com_conara_sii, com_cod_tesoreria, com_cod_comuna) values (210, 32, 'Fresia', 10304, 268, '10104');
INSERT INTO comunas (com_id, pro_id, com_nombre, com_conara_sii, com_cod_tesoreria, com_cod_comuna) values (211, 32, 'Frutillar', 10305, 269, '10105');
INSERT INTO comunas (com_id, pro_id, com_nombre, com_conara_sii, com_cod_tesoreria, com_cod_comuna) values (212, 32, 'Los Muermos', 10308, 264, '10106');
INSERT INTO comunas (com_id, pro_id, com_nombre, com_conara_sii, com_cod_tesoreria, com_cod_comuna) values (213, 32, 'Llanquihue', 5606, 65, '10107');
INSERT INTO comunas (com_id, pro_id, com_nombre, com_conara_sii, com_cod_tesoreria, com_cod_comuna) values (214, 32, 'Maullín', 10307, 263, '10108');
INSERT INTO comunas (com_id, pro_id, com_nombre, com_conara_sii, com_cod_tesoreria, com_cod_comuna) values (215, 32, 'Puerto Varas', 6214, 135, '10109');
INSERT INTO comunas (com_id, pro_id, com_nombre, com_conara_sii, com_cod_tesoreria, com_cod_comuna) values (216, 33, 'Castro', 10401, 270, '10201');
INSERT INTO comunas (com_id, pro_id, com_nombre, com_conara_sii, com_cod_tesoreria, com_cod_comuna) values (217, 33, 'Ancud', 10406, 277, '10202');
INSERT INTO comunas (com_id, pro_id, com_nombre, com_conara_sii, com_cod_tesoreria, com_cod_comuna) values (218, 33, 'Chonchi', 10402, 271, '10203');
INSERT INTO comunas (com_id, pro_id, com_nombre, com_conara_sii, com_cod_tesoreria, com_cod_comuna) values (219, 33, 'Curaco de Vélez', 10410, 276, '10204');
INSERT INTO comunas (com_id, pro_id, com_nombre, com_conara_sii, com_cod_tesoreria, com_cod_comuna) values (220, 33, 'Dalcahue', 10408, 279, '10205');
INSERT INTO comunas (com_id, pro_id, com_nombre, com_conara_sii, com_cod_tesoreria, com_cod_comuna) values (221, 33, 'Puqueldón', 9102, 217, '10206');
INSERT INTO comunas (com_id, pro_id, com_nombre, com_conara_sii, com_cod_tesoreria, com_cod_comuna) values (222, 33, 'Queilén', 10404, 273, '10207');
INSERT INTO comunas (com_id, pro_id, com_nombre, com_conara_sii, com_cod_tesoreria, com_cod_comuna) values (223, 33, 'Quellón', 10407, 278, '10208');
INSERT INTO comunas (com_id, pro_id, com_nombre, com_conara_sii, com_cod_tesoreria, com_cod_comuna) values (224, 33, 'Quemchi', 8408, 215, '10209');
INSERT INTO comunas (com_id, pro_id, com_nombre, com_conara_sii, com_cod_tesoreria, com_cod_comuna) values (225, 33, 'Quinchao', 6117, 123, '10210');
INSERT INTO comunas (com_id, pro_id, com_nombre, com_conara_sii, com_cod_tesoreria, com_cod_comuna) values (226, 34, 'Osorno', 4201, 25, '10301');
INSERT INTO comunas (com_id, pro_id, com_nombre, com_conara_sii, com_cod_tesoreria, com_cod_comuna) values (227, 34, 'Puerto Octay', 10303, 266, '10302');
INSERT INTO comunas (com_id, pro_id, com_nombre, com_conara_sii, com_cod_tesoreria, com_cod_comuna) values (228, 34, 'Purranque', 5604, 61, '10303');
INSERT INTO comunas (com_id, pro_id, com_nombre, com_conara_sii, com_cod_tesoreria, com_cod_comuna) values (229, 34, 'Puyehue', 10403, 272, '10304');
INSERT INTO comunas (com_id, pro_id, com_nombre, com_conara_sii, com_cod_tesoreria, com_cod_comuna) values (230, 34, 'Río Negro', 12202, 314, '10305');
INSERT INTO comunas (com_id, pro_id, com_nombre, com_conara_sii, com_cod_tesoreria, com_cod_comuna) values (231, 34, 'San Juan de La Costa', 10207, 307, '10306');
INSERT INTO comunas (com_id, pro_id, com_nombre, com_conara_sii, com_cod_tesoreria, com_cod_comuna) values (232, 34, 'San Pablo', 10202, 257, '10307');
INSERT INTO comunas (com_id, pro_id, com_nombre, com_conara_sii, com_cod_tesoreria, com_cod_comuna) values (233, 35, 'Chaitén', 10501, 280, '10401');
INSERT INTO comunas (com_id, pro_id, com_nombre, com_conara_sii, com_cod_tesoreria, com_cod_comuna) values (234, 35, 'Futaleufú', 10503, 281, '10402');
INSERT INTO comunas (com_id, pro_id, com_nombre, com_conara_sii, com_cod_tesoreria, com_cod_comuna) values (235, 35, 'Hualaihué', 10502, 308, '10403');
INSERT INTO comunas (com_id, pro_id, com_nombre, com_conara_sii, com_cod_tesoreria, com_cod_comuna) values (236, 35, 'Palena', 6207, 130, '10404');
INSERT INTO comunas (com_id, pro_id, com_nombre, com_conara_sii, com_cod_tesoreria, com_cod_comuna) values (237, 36, 'Coyhaique', 11401, 284, '11101');
INSERT INTO comunas (com_id, pro_id, com_nombre, com_conara_sii, com_cod_tesoreria, com_cod_comuna) values (238, 36, 'Lago Verde', 11402, 312, '11102');
INSERT INTO comunas (com_id, pro_id, com_nombre, com_conara_sii, com_cod_tesoreria, com_cod_comuna) values (239, 37, 'Aisén', 11101, 285, '11201');
INSERT INTO comunas (com_id, pro_id, com_nombre, com_conara_sii, com_cod_tesoreria, com_cod_comuna) values (240, 37, 'Cisnes', 11102, 286, '11202');
INSERT INTO comunas (com_id, pro_id, com_nombre, com_conara_sii, com_cod_tesoreria, com_cod_comuna) values (241, 37, 'Guaitecas', 11104, 309, '11203');
INSERT INTO comunas (com_id, pro_id, com_nombre, com_conara_sii, com_cod_tesoreria, com_cod_comuna) values (242, 38, 'Cochrane', 11301, 289, '11301');
INSERT INTO comunas (com_id, pro_id, com_nombre, com_conara_sii, com_cod_tesoreria, com_cod_comuna) values (243, 38, 'Ohiggins', 6114, 120, '11302');
INSERT INTO comunas (com_id, pro_id, com_nombre, com_conara_sii, com_cod_tesoreria, com_cod_comuna) values (244, 38, 'Tortel', 11303, 311, '11303');
INSERT INTO comunas (com_id, pro_id, com_nombre, com_conara_sii, com_cod_tesoreria, com_cod_comuna) values (245, 39, 'Chile Chico', 11201, 287, '11401');
INSERT INTO comunas (com_id, pro_id, com_nombre, com_conara_sii, com_cod_tesoreria, com_cod_comuna) values (246, 39, 'Río Ibáñez', 10205, 259, '11402');
INSERT INTO comunas (com_id, pro_id, com_nombre, com_conara_sii, com_cod_tesoreria, com_cod_comuna) values (247, 40, 'Punta Arenas', 10405, 274, '12101');
INSERT INTO comunas (com_id, pro_id, com_nombre, com_conara_sii, com_cod_tesoreria, com_cod_comuna) values (248, 40, 'Laguna Blanca', 12206, 316, '12102');
INSERT INTO comunas (com_id, pro_id, com_nombre, com_conara_sii, com_cod_tesoreria, com_cod_comuna) values (249, 40, 'Río Verde', 7103, 141, '12103');
INSERT INTO comunas (com_id, pro_id, com_nombre, com_conara_sii, com_cod_tesoreria, com_cod_comuna) values (250, 40, 'San Gregorio', 12204, 315, '12104');
INSERT INTO comunas (com_id, pro_id, com_nombre, com_conara_sii, com_cod_tesoreria, com_cod_comuna) values (251, 41, 'Cabo de Hornos', 12401, 319, '12201');
INSERT INTO comunas (com_id, pro_id, com_nombre, com_conara_sii, com_cod_tesoreria, com_cod_comuna) values (252, 41, 'Antártica', null, null, '12202');
INSERT INTO comunas (com_id, pro_id, com_nombre, com_conara_sii, com_cod_tesoreria, com_cod_comuna) values (253, 42, 'Porvenir', 1204, 5, '12301');
INSERT INTO comunas (com_id, pro_id, com_nombre, com_conara_sii, com_cod_tesoreria, com_cod_comuna) values (254, 42, 'Primavera', 15103, 72, '12302');
INSERT INTO comunas (com_id, pro_id, com_nombre, com_conara_sii, com_cod_tesoreria, com_cod_comuna) values (255, 42, 'Timaukel', 12304, 318, '12303');
INSERT INTO comunas (com_id, pro_id, com_nombre, com_conara_sii, com_cod_tesoreria, com_cod_comuna) values (256, 43, 'Natales', 6302, 138, '12401');
INSERT INTO comunas (com_id, pro_id, com_nombre, com_conara_sii, com_cod_tesoreria, com_cod_comuna) values (257, 43, 'Torres del Paine', 12103, 313, '12402');
INSERT INTO comunas (com_id, pro_id, com_nombre, com_conara_sii, com_cod_tesoreria, com_cod_comuna) values (258, 44, 'Santiago', 13101, 70, '13101');
INSERT INTO comunas (com_id, pro_id, com_nombre, com_conara_sii, com_cod_tesoreria, com_cod_comuna) values (259, 44, 'Cerrillos', 14166, 333, '13102');
INSERT INTO comunas (com_id, pro_id, com_nombre, com_conara_sii, com_cod_tesoreria, com_cod_comuna) values (260, 44, 'Cerro Navia', 14156, 324, '13103');
INSERT INTO comunas (com_id, pro_id, com_nombre, com_conara_sii, com_cod_tesoreria, com_cod_comuna) values (261, 44, 'Conchalí', 14127, 75, '13104');
INSERT INTO comunas (com_id, pro_id, com_nombre, com_conara_sii, com_cod_tesoreria, com_cod_comuna) values (262, 44, 'El Bosque', 16165, 338, '13105');
INSERT INTO comunas (com_id, pro_id, com_nombre, com_conara_sii, com_cod_tesoreria, com_cod_comuna) values (263, 44, 'Estación Central', 14157, 328, '13106');
INSERT INTO comunas (com_id, pro_id, com_nombre, com_conara_sii, com_cod_tesoreria, com_cod_comuna) values (264, 44, 'Huechuraba', 14158, 334, '13107');
INSERT INTO comunas (com_id, pro_id, com_nombre, com_conara_sii, com_cod_tesoreria, com_cod_comuna) values (265, 44, 'Independencia', 13167, 330, '13108');
INSERT INTO comunas (com_id, pro_id, com_nombre, com_conara_sii, com_cod_tesoreria, com_cod_comuna) values (266, 44, 'La Cisterna', 16110, 96, '13109');
INSERT INTO comunas (com_id, pro_id, com_nombre, com_conara_sii, com_cod_tesoreria, com_cod_comuna) values (267, 44, 'La Florida', 15128, 93, '13110');
INSERT INTO comunas (com_id, pro_id, com_nombre, com_conara_sii, com_cod_tesoreria, com_cod_comuna) values (268, 44, 'La Granja', 16131, 97, '13111');
INSERT INTO comunas (com_id, pro_id, com_nombre, com_conara_sii, com_cod_tesoreria, com_cod_comuna) values (269, 44, 'La Pintana', 16154, 327, '13112');
INSERT INTO comunas (com_id, pro_id, com_nombre, com_conara_sii, com_cod_tesoreria, com_cod_comuna) values (270, 44, 'La Reina', 15132, 92, '13113');
INSERT INTO comunas (com_id, pro_id, com_nombre, com_conara_sii, com_cod_tesoreria, com_cod_comuna) values (271, 44, 'Las Condes', 15108, 71, '13114');
INSERT INTO comunas (com_id, pro_id, com_nombre, com_conara_sii, com_cod_tesoreria, com_cod_comuna) values (272, 44, 'Lo Barnechea', 15161, 332, '13115');
INSERT INTO comunas (com_id, pro_id, com_nombre, com_conara_sii, com_cod_tesoreria, com_cod_comuna) values (273, 44, 'Lo Espejo', 16164, 337, '13116');
INSERT INTO comunas (com_id, pro_id, com_nombre, com_conara_sii, com_cod_tesoreria, com_cod_comuna) values (274, 44, 'Lo Prado', 14155, 325, '13117');
INSERT INTO comunas (com_id, pro_id, com_nombre, com_conara_sii, com_cod_tesoreria, com_cod_comuna) values (275, 44, 'Macúl', 15151, 323, '13118');
INSERT INTO comunas (com_id, pro_id, com_nombre, com_conara_sii, com_cod_tesoreria, com_cod_comuna) values (276, 44, 'Maipú', 14109, 94, '13119');
INSERT INTO comunas (com_id, pro_id, com_nombre, com_conara_sii, com_cod_tesoreria, com_cod_comuna) values (277, 44, 'Ñuñoa', 11302, 310, '13120');
INSERT INTO comunas (com_id, pro_id, com_nombre, com_conara_sii, com_cod_tesoreria, com_cod_comuna) values (278, 44, 'Pedro Aguirre Cerda', 7203, 152, '13121');
INSERT INTO comunas (com_id, pro_id, com_nombre, com_conara_sii, com_cod_tesoreria, com_cod_comuna) values (279, 44, 'Peñalolén', 6208, 131, '13122');
INSERT INTO comunas (com_id, pro_id, com_nombre, com_conara_sii, com_cod_tesoreria, com_cod_comuna) values (280, 44, 'Providencia', 5307, 36, '13123');
INSERT INTO comunas (com_id, pro_id, com_nombre, com_conara_sii, com_cod_tesoreria, com_cod_comuna) values (281, 44, 'Pudahuel', 16301, 100, '13124');
INSERT INTO comunas (com_id, pro_id, com_nombre, com_conara_sii, com_cod_tesoreria, com_cod_comuna) values (282, 44, 'Quilicura', 8404, 206, '13125');
INSERT INTO comunas (com_id, pro_id, com_nombre, com_conara_sii, com_cod_tesoreria, com_cod_comuna) values (283, 44, 'Quinta Normal', 5306, 35, '13126');
INSERT INTO comunas (com_id, pro_id, com_nombre, com_conara_sii, com_cod_tesoreria, com_cod_comuna) values (284, 44, 'Recoleta', 9104, 219, '13127');
INSERT INTO comunas (com_id, pro_id, com_nombre, com_conara_sii, com_cod_tesoreria, com_cod_comuna) values (285, 44, 'Renca', 6112, 121, '13128');
INSERT INTO comunas (com_id, pro_id, com_nombre, com_conara_sii, com_cod_tesoreria, com_cod_comuna) values (286, 44, 'San Joaquín', 16163, 335, '13129');
INSERT INTO comunas (com_id, pro_id, com_nombre, com_conara_sii, com_cod_tesoreria, com_cod_comuna) values (287, 44, 'San Miguel', 16106, 95, '13130');
INSERT INTO comunas (com_id, pro_id, com_nombre, com_conara_sii, com_cod_tesoreria, com_cod_comuna) values (288, 44, 'San Ramón', 16153, 326, '13131');
INSERT INTO comunas (com_id, pro_id, com_nombre, com_conara_sii, com_cod_tesoreria, com_cod_comuna) values (289, 44, 'Vitacura', 15160, 331, '13132');
INSERT INTO comunas (com_id, pro_id, com_nombre, com_conara_sii, com_cod_tesoreria, com_cod_comuna) values (290, 45, 'Puente Alto', 10301, 261, '13201');
INSERT INTO comunas (com_id, pro_id, com_nombre, com_conara_sii, com_cod_tesoreria, com_cod_comuna) values (291, 45, 'Pirque', 9211, 237, '13202');
INSERT INTO comunas (com_id, pro_id, com_nombre, com_conara_sii, com_cod_tesoreria, com_cod_comuna) values (292, 45, 'San José de Maipo', 16303, 102, '13203');
INSERT INTO comunas (com_id, pro_id, com_nombre, com_conara_sii, com_cod_tesoreria, com_cod_comuna) values (293, 46, 'Colina', 14201, 76, '13301');
INSERT INTO comunas (com_id, pro_id, com_nombre, com_conara_sii, com_cod_tesoreria, com_cod_comuna) values (294, 46, 'Lampa', 14202, 78, '13302');
INSERT INTO comunas (com_id, pro_id, com_nombre, com_conara_sii, com_cod_tesoreria, com_cod_comuna) values (295, 46, 'Tiltil', 14203, 80, '13303');
INSERT INTO comunas (com_id, pro_id, com_nombre, com_conara_sii, com_cod_tesoreria, com_cod_comuna) values (296, 47, 'San Bernardo', 8109, 176, '13401');
INSERT INTO comunas (com_id, pro_id, com_nombre, com_conara_sii, com_cod_tesoreria, com_cod_comuna) values (297, 47, 'Buin', 16403, 103, '13402');
INSERT INTO comunas (com_id, pro_id, com_nombre, com_conara_sii, com_cod_tesoreria, com_cod_comuna) values (298, 47, 'Calera de Tango', 16402, 99, '13403');
INSERT INTO comunas (com_id, pro_id, com_nombre, com_conara_sii, com_cod_tesoreria, com_cod_comuna) values (299, 47, 'Paine', 10504, 282, '13404');
INSERT INTO comunas (com_id, pro_id, com_nombre, com_conara_sii, com_cod_tesoreria, com_cod_comuna) values (300, 48, 'Melipilla', 14601, 88, '13501');
INSERT INTO comunas (com_id, pro_id, com_nombre, com_conara_sii, com_cod_tesoreria, com_cod_comuna) values (301, 48, 'Alhué', 14605, 109, '13502');
INSERT INTO comunas (com_id, pro_id, com_nombre, com_conara_sii, com_cod_tesoreria, com_cod_comuna) values (302, 48, 'Curacaví', 14603, 83, '13503');
INSERT INTO comunas (com_id, pro_id, com_nombre, com_conara_sii, com_cod_tesoreria, com_cod_comuna) values (303, 48, 'María Pinto', 14602, 90, '13504');
INSERT INTO comunas (com_id, pro_id, com_nombre, com_conara_sii, com_cod_tesoreria, com_cod_comuna) values (304, 48, 'San Pedro', 14604, 108, '13505');
INSERT INTO comunas (com_id, pro_id, com_nombre, com_conara_sii, com_cod_tesoreria, com_cod_comuna) values (305, 49, 'Talagante', 14501, 86, '13601');
INSERT INTO comunas (com_id, pro_id, com_nombre, com_conara_sii, com_cod_tesoreria, com_cod_comuna) values (306, 49, 'El Monte', 14503, 89, '13602');
INSERT INTO comunas (com_id, pro_id, com_nombre, com_conara_sii, com_cod_tesoreria, com_cod_comuna) values (307, 49, 'Isla de Maipo', 14502, 87, '13603');
INSERT INTO comunas (com_id, pro_id, com_nombre, com_conara_sii, com_cod_tesoreria, com_cod_comuna) values (308, 49, 'Padre Hurtado', 9220, 345, '13604');
INSERT INTO comunas (com_id, pro_id, com_nombre, com_conara_sii, com_cod_tesoreria, com_cod_comuna) values (309, 49, 'Peñaflor', 15152, 322, '13605');
INSERT INTO comunas (com_id, pro_id, com_nombre, com_conara_sii, com_cod_tesoreria, com_cod_comuna) values (310, 50, 'Valdivia', 10101, 243, '14101');
INSERT INTO comunas (com_id, pro_id, com_nombre, com_conara_sii, com_cod_tesoreria, com_cod_comuna) values (311, 50, 'Corral', 10106, 244, '14102');
INSERT INTO comunas (com_id, pro_id, com_nombre, com_conara_sii, com_cod_tesoreria, com_cod_comuna) values (312, 50, 'Lanco', 10103, 249, '14103');
INSERT INTO comunas (com_id, pro_id, com_nombre, com_conara_sii, com_cod_tesoreria, com_cod_comuna) values (313, 50, 'Los Lagos', 10104, 247, '14104');
INSERT INTO comunas (com_id, pro_id, com_nombre, com_conara_sii, com_cod_tesoreria, com_cod_comuna) values (314, 50, 'Máfil', 10107, 246, '14105');
INSERT INTO comunas (com_id, pro_id, com_nombre, com_conara_sii, com_cod_tesoreria, com_cod_comuna) values (315, 50, 'Mariquina', 10102, 245, '14106');
INSERT INTO comunas (com_id, pro_id, com_nombre, com_conara_sii, com_cod_tesoreria, com_cod_comuna) values (316, 50, 'Paillaco', 16404, 104, '14107');
INSERT INTO comunas (com_id, pro_id, com_nombre, com_conara_sii, com_cod_tesoreria, com_cod_comuna) values (317, 50, 'Panguipulli', 5602, 62, '14108');
INSERT INTO comunas (com_id, pro_id, com_nombre, com_conara_sii, com_cod_tesoreria, com_cod_comuna) values (318, 51, 'La Unión', 10109, 251, '14201');
INSERT INTO comunas (com_id, pro_id, com_nombre, com_conara_sii, com_cod_tesoreria, com_cod_comuna) values (319, 51, 'Futrono', 10105, 248, '14202');
INSERT INTO comunas (com_id, pro_id, com_nombre, com_conara_sii, com_cod_tesoreria, com_cod_comuna) values (320, 51, 'Lago Ranco', 10112, 254, '14203');
INSERT INTO comunas (com_id, pro_id, com_nombre, com_conara_sii, com_cod_tesoreria, com_cod_comuna) values (321, 51, 'Río Bueno', 7204, 149, '14204');
INSERT INTO comunas (com_id, pro_id, com_nombre, com_conara_sii, com_cod_tesoreria, com_cod_comuna) values (322, 52, 'General Lagos', 1302, 293, '15202');
INSERT INTO comunas (com_id, pro_id, com_nombre, com_conara_sii, com_cod_tesoreria, com_cod_comuna) values (323, 52, 'Putre', 10204, 256, '15201');
INSERT INTO comunas (com_id, pro_id, com_nombre, com_conara_sii, com_cod_tesoreria, com_cod_comuna) values (324, 53, 'Arica', 1101, 1, '15101');
INSERT INTO comunas (com_id, pro_id, com_nombre, com_conara_sii, com_cod_tesoreria, com_cod_comuna) values (325, 53, 'Camarones', 1106, 295, '15102');
INSERT INTO comunas (com_id, pro_id, com_nombre, com_conara_sii, com_cod_tesoreria, com_cod_comuna) values (326, 54, 'Chillán', 8101, 168, '16101');
INSERT INTO comunas (com_id, pro_id, com_nombre, com_conara_sii, com_cod_tesoreria, com_cod_comuna) values (327, 54, 'Chillán Viejo', 8121, 342, '16102');
INSERT INTO comunas (com_id, pro_id, com_nombre, com_conara_sii, com_cod_tesoreria, com_cod_comuna) values (328, 54, 'El Carmen', 8118, 185, '16106');
INSERT INTO comunas (com_id, pro_id, com_nombre, com_conara_sii, com_cod_tesoreria, com_cod_comuna) values (329, 54, 'Pinto', 16302, 101, '16107');
INSERT INTO comunas (com_id, pro_id, com_nombre, com_conara_sii, com_cod_tesoreria, com_cod_comuna) values (330, 54, 'Quillón', 5501, 48, '16103');
INSERT INTO comunas (com_id, pro_id, com_nombre, com_conara_sii, com_cod_tesoreria, com_cod_comuna) values (331, 54, 'Bulnes', 8113, 180, '16104');
INSERT INTO comunas (com_id, pro_id, com_nombre, com_conara_sii, com_cod_tesoreria, com_cod_comuna) values (332, 54, 'San Ignacio', 8114, 181, '16105');
INSERT INTO comunas (com_id, pro_id, com_nombre, com_conara_sii, com_cod_tesoreria, com_cod_comuna) values (333, 54, 'Pemuco', 7205, 153, '16108');
INSERT INTO comunas (com_id, pro_id, com_nombre, com_conara_sii, com_cod_tesoreria, com_cod_comuna) values (334, 54, 'Yungay', 8116, 183, '16109');
INSERT INTO comunas (com_id, pro_id, com_nombre, com_conara_sii, com_cod_tesoreria, com_cod_comuna) values (335, 55, 'Cobquecura', 8107, 175, '16202');
INSERT INTO comunas (com_id, pro_id, com_nombre, com_conara_sii, com_cod_tesoreria, com_cod_comuna) values (336, 55, 'Quirihue', 6101, 105, '16201');
INSERT INTO comunas (com_id, pro_id, com_nombre, com_conara_sii, com_cod_tesoreria, com_cod_comuna) values (337, 55, 'Ninhue', 5502, 52, '16203');
INSERT INTO comunas (com_id, pro_id, com_nombre, com_conara_sii, com_cod_tesoreria, com_cod_comuna) values (338, 55, 'Treguaco', 8108, 173, '16204');
INSERT INTO comunas (com_id, pro_id, com_nombre, com_conara_sii, com_cod_tesoreria, com_cod_comuna) values (339, 55, 'Portezuelo', 12301, 292, '16206');
INSERT INTO comunas (com_id, pro_id, com_nombre, com_conara_sii, com_cod_tesoreria, com_cod_comuna) values (340, 55, 'Coelemu', 8120, 186, '16205');
INSERT INTO comunas (com_id, pro_id, com_nombre, com_conara_sii, com_cod_tesoreria, com_cod_comuna) values (341, 55, 'Ránquil', 7104, 143, '16207');
INSERT INTO comunas (com_id, pro_id, com_nombre, com_conara_sii, com_cod_tesoreria, com_cod_comuna) values (342, 56, 'San Carlos', 7202, 151, '16301');
INSERT INTO comunas (com_id, pro_id, com_nombre, com_conara_sii, com_cod_tesoreria, com_cod_comuna) values (343, 56, 'Ñiquén', 15105, 91, '16302');
INSERT INTO comunas (com_id, pro_id, com_nombre, com_conara_sii, com_cod_tesoreria, com_cod_comuna) values (344, 56, 'San Fabián', 5601, 60, '16304');
INSERT INTO comunas (com_id, pro_id, com_nombre, com_conara_sii, com_cod_tesoreria, com_cod_comuna) values (345, 56, 'San Nicolás', 8112, 179, '16305');
INSERT INTO comunas (com_id, pro_id, com_nombre, com_conara_sii, com_cod_tesoreria, com_cod_comuna) values (346, 56, 'Coihueco', 8103, 170, '16303');